{"data": [{"ObjectIdentifier": "S-1-5-21-4194615774-2175524697-3563712290", "Properties": {"name": "BLACKFIELD.LOCAL", "domain": "BLACKFIELD.LOCAL", "domainsid": "S-1-5-21-4194615774-2175524697-3563712290", "distinguishedname": "DC=BLACKFIELD,DC=LOCAL", "description": "", "functionallevel": "2016", "highvalue": true, "whencreated": 1582456386}, "Trusts": [], "Aces": [{"RightName": "Owns", "IsInherited": false, "PrincipalSID": "BLACKFIELD.LOCAL-S-1-5-32-544", "PrincipalType": "Group"}, {"RightName": "GetChanges", "IsInherited": false, "PrincipalSID": "S-1-5-21-4194615774-2175524697-3563712290-498", "PrincipalType": "Group"}, {"RightName": "GetChangesAll", "IsInherited": false, "PrincipalSID": "S-1-5-21-4194615774-2175524697-3563712290-516", "PrincipalType": "Group"}, {"RightName": "GetChangesInFilteredSet", "IsInherited": false, "PrincipalSID": "BLACKFIELD.LOCAL-S-1-5-32-544", "PrincipalType": "Group"}, {"RightName": "GetChanges", "IsInherited": false, "PrincipalSID": "BLACKFIELD.LOCAL-S-1-5-32-544", "PrincipalType": "Group"}, {"RightName": "GetChangesAll", "IsInherited": false, "PrincipalSID": "BLACKFIELD.LOCAL-S-1-5-32-544", "PrincipalType": "Group"}, {"RightName": "GetChangesInFilteredSet", "IsInherited": false, "PrincipalSID": "BLACKFIELD.LOCAL-S-1-5-9", "PrincipalType": "Group"}, {"RightName": "GetChanges", "IsInherited": false, "PrincipalSID": "BLACKFIELD.LOCAL-S-1-5-9", "PrincipalType": "Group"}, {"RightName": "WriteOwner", "IsInherited": false, "PrincipalSID": "S-1-5-21-4194615774-2175524697-3563712290-512", "PrincipalType": "Group"}, {"RightName": "AllExtendedRights", "IsInherited": false, "PrincipalSID": "S-1-5-21-4194615774-2175524697-3563712290-512", "PrincipalType": "Group"}, {"RightName": "WriteDacl", "IsInherited": false, "PrincipalSID": "S-1-5-21-4194615774-2175524697-3563712290-512", "PrincipalType": "Group"}, {"RightName": "GenericAll", "IsInherited": false, "PrincipalSID": "S-1-5-21-4194615774-2175524697-3563712290-519", "PrincipalType": "Group"}, {"RightName": "WriteOwner", "IsInherited": false, "PrincipalSID": "BLACKFIELD.LOCAL-S-1-5-32-544", "PrincipalType": "Group"}, {"RightName": "AllExtendedRights", "IsInherited": false, "PrincipalSID": "BLACKFIELD.LOCAL-S-1-5-32-544", "PrincipalType": "Group"}, {"RightName": "WriteDacl", "IsInherited": false, "PrincipalSID": "BLACKFIELD.LOCAL-S-1-5-32-544", "PrincipalType": "Group"}], "Links": [{"IsEnforced": false, "GUID": "1A81DEFB-BBBD-488B-8A35-17FA4F6D6264"}], "ChildObjects": [{"ObjectIdentifier": "271C686D-6555-44AF-8878-4ECC17AAAE35", "ObjectType": "Container"}, {"ObjectIdentifier": "29CB6BA7-38C7-4DD0-BE12-517863ABA852", "ObjectType": "Container"}, {"ObjectIdentifier": "E1AB4813-6EA3-4F97-BD95-C1ECA9F1B30B", "ObjectType": "Container"}, {"ObjectIdentifier": "0339C869-D22E-445F-AC1B-0E773AEB5233", "ObjectType": "OU"}, {"ObjectIdentifier": "543854A8-CB6C-4146-A2DE-3321032BC5C4", "ObjectType": "Container"}], "GPOChanges": {"AffectedComputers": [], "DcomUsers": [], "LocalAdmins": [], "PSRemoteUsers": [], "RemoteDesktopUsers": []}, "IsDeleted": false, "IsACLProtected": false}], "meta": {"type": "domains", "count": 1, "version": 5}}