{"data":[{"ObjectIdentifier": "0339C869-D22E-445F-AC1B-0E773AEB5233", "Properties": {"domain": "BLACKFIELD.LOCAL", "name": "DOMAIN CONTROLLERS@BLACKFIELD.LOCAL", "distinguishedname": "OU=DOMAIN CONTROLLERS,DC=BLACKFIELD,DC=LOCAL", "domainsid": "S-1-5-21-4194615774-2175524697-3563712290", "highvalue": false, "blocksinheritance": false, "description": "Default container for domain controllers", "whencreated": 1582456393}, "IsDeleted": false, "IsACLProtected": false, "Aces": [{"RightName": "Owns", "IsInherited": false, "PrincipalSID": "S-1-5-21-4194615774-2175524697-3563712290-512", "PrincipalType": "Group"}, {"RightName": "GenericWrite", "IsInherited": false, "PrincipalSID": "S-1-5-21-4194615774-2175524697-3563712290-512", "PrincipalType": "Group"}, {"RightName": "WriteOwner", "IsInherited": false, "PrincipalSID": "S-1-5-21-4194615774-2175524697-3563712290-512", "PrincipalType": "Group"}, {"RightName": "WriteDacl", "IsInherited": false, "PrincipalSID": "S-1-5-21-4194615774-2175524697-3563712290-512", "PrincipalType": "Group"}, {"RightName": "GenericAll", "IsInherited": true, "PrincipalSID": "S-1-5-21-4194615774-2175524697-3563712290-519", "PrincipalType": "Group"}, {"RightName": "GenericWrite", "IsInherited": true, "PrincipalSID": "BLACKFIELD.LOCAL-S-1-5-32-544", "PrincipalType": "Group"}, {"RightName": "WriteOwner", "IsInherited": true, "PrincipalSID": "BLACKFIELD.LOCAL-S-1-5-32-544", "PrincipalType": "Group"}, {"RightName": "WriteDacl", "IsInherited": true, "PrincipalSID": "BLACKFIELD.LOCAL-S-1-5-32-544", "PrincipalType": "Group"}], "Links": [{"IsEnforced": false, "GUID": "E0A58FA9-4129-4D0D-9DFC-FCC18F5AC9C6"}], "ChildObjects": [{"ObjectIdentifier": "S-1-5-21-4194615774-2175524697-3563712290-1000", "ObjectType": "Computer"}], "GPOChanges": {"AffectedComputers": [], "DcomUsers": [], "LocalAdmins": [], "PSRemoteUsers": [], "RemoteDesktopUsers": []}}],"meta":{"methods":0,"type":"ous","count":1, "version":5}}