{"data":[{"ObjectIdentifier": "67A6E4B0-E29A-4474-9F6C-F7F82BCBB722", "Properties": {"domain": "BLACKFIELD.LOCAL", "name": "WMIGPO@BLACKFIELD.LOCAL", "distinguishedname": "CN=WMIGPO,CN=WMIPOLICY,CN=SYSTEM,DC=BLACKFIELD,DC=LOCAL", "domainsid": "S-1-5-21-4194615774-2175524697-3563712290", "highvalue": false, "description": "", "whencreated": 1582456393}, "IsDeleted": false, "IsACLProtected": false, "Aces": [{"RightName": "Owns", "IsInherited": false, "PrincipalSID": "S-1-5-21-4194615774-2175524697-3563712290-512", "PrincipalType": "Group"}, {"RightName": "WriteOwner", "IsInherited": false, "PrincipalSID": "S-1-5-21-4194615774-2175524697-3563712290-512", "PrincipalType": "Group"}, {"RightName": "WriteDacl", "IsInherited": false, "PrincipalSID": "S-1-5-21-4194615774-2175524697-3563712290-512", "PrincipalType": "Group"}, {"RightName": "GenericAll", "IsInherited": true, "PrincipalSID": "S-1-5-21-4194615774-2175524697-3563712290-519", "PrincipalType": "Group"}, {"RightName": "GenericAll", "IsInherited": true, "PrincipalSID": "S-1-5-21-4194615774-2175524697-3563712290-512", "PrincipalType": "Group"}], "ChildObjects": []},{"ObjectIdentifier": "B77AABFF-28A4-4974-90F3-B9344AFC6BA1", "Properties": {"domain": "BLACKFIELD.LOCAL", "name": "POLICYTYPE@BLACKFIELD.LOCAL", "distinguishedname": "CN=POLICYTYPE,CN=WMIPOLICY,CN=SYSTEM,DC=BLACKFIELD,DC=LOCAL", "domainsid": "S-1-5-21-4194615774-2175524697-3563712290", "highvalue": false, "description": "", "whencreated": 1582456393}, "IsDeleted": false, "IsACLProtected": false, "Aces": [{"RightName": "Owns", "IsInherited": false, "PrincipalSID": "S-1-5-21-4194615774-2175524697-3563712290-512", "PrincipalType": "Group"}, {"RightName": "WriteOwner", "IsInherited": false, "PrincipalSID": "S-1-5-21-4194615774-2175524697-3563712290-512", "PrincipalType": "Group"}, {"RightName": "WriteDacl", "IsInherited": false, "PrincipalSID": "S-1-5-21-4194615774-2175524697-3563712290-512", "PrincipalType": "Group"}, {"RightName": "GenericAll", "IsInherited": true, "PrincipalSID": "S-1-5-21-4194615774-2175524697-3563712290-519", "PrincipalType": "Group"}, {"RightName": "GenericAll", "IsInherited": true, "PrincipalSID": "S-1-5-21-4194615774-2175524697-3563712290-512", "PrincipalType": "Group"}], "ChildObjects": []},{"ObjectIdentifier": "AAF77F51-1316-4FA6-9853-2F11487FE6F8", "Properties": {"domain": "BLACKFIELD.LOCAL", "name": "SOM@BLACKFIELD.LOCAL", "distinguishedname": "CN=SOM,CN=WMIPOLICY,CN=SYSTEM,DC=BLACKFIELD,DC=LOCAL", "domainsid": "S-1-5-21-4194615774-2175524697-3563712290", "highvalue": false, "description": "", "whencreated": 1582456393}, "IsDeleted": false, "IsACLProtected": true, "Aces": [{"RightName": "Owns", "IsInherited": false, "PrincipalSID": "S-1-5-21-4194615774-2175524697-3563712290-512", "PrincipalType": "Group"}, {"RightName": "GenericAll", "IsInherited": false, "PrincipalSID": "S-1-5-21-4194615774-2175524697-3563712290-512", "PrincipalType": "Group"}, {"RightName": "GenericAll", "IsInherited": false, "PrincipalSID": "S-1-5-21-4194615774-2175524697-3563712290-519", "PrincipalType": "Group"}], "ChildObjects": []},{"ObjectIdentifier": "92FC343F-57B8-4DB2-B034-E3736B54ADF0", "Properties": {"domain": "BLACKFIELD.LOCAL", "name": "POLICYTEMPLATE@BLACKFIELD.LOCAL", "distinguishedname": "CN=POLICYTEMPLATE,CN=WMIPOLICY,CN=SYSTEM,DC=BLACKFIELD,DC=LOCAL", "domainsid": "S-1-5-21-4194615774-2175524697-3563712290", "highvalue": false, "description": "", "whencreated": 1582456393}, "IsDeleted": false, "IsACLProtected": false, "Aces": [{"RightName": "Owns", "IsInherited": false, "PrincipalSID": "S-1-5-21-4194615774-2175524697-3563712290-512", "PrincipalType": "Group"}, {"RightName": "WriteOwner", "IsInherited": false, "PrincipalSID": "S-1-5-21-4194615774-2175524697-3563712290-512", "PrincipalType": "Group"}, {"RightName": "WriteDacl", "IsInherited": false, "PrincipalSID": "S-1-5-21-4194615774-2175524697-3563712290-512", "PrincipalType": "Group"}, {"RightName": "GenericAll", "IsInherited": true, "PrincipalSID": "S-1-5-21-4194615774-2175524697-3563712290-519", "PrincipalType": "Group"}, {"RightName": "GenericAll", "IsInherited": true, "PrincipalSID": "S-1-5-21-4194615774-2175524697-3563712290-512", "PrincipalType": "Group"}], "ChildObjects": []},{"ObjectIdentifier": "7FD80848-F9A5-4786-9FCC-021956275774", "Properties": {"domain": "BLACKFIELD.LOCAL", "name": "WMIPOLICY@BLACKFIELD.LOCAL", "distinguishedname": "CN=WMIPOLICY,CN=SYSTEM,DC=BLACKFIELD,DC=LOCAL", "domainsid": "S-1-5-21-4194615774-2175524697-3563712290", "highvalue": false, "description": "", "whencreated": 1582456393}, "IsDeleted": false, "IsACLProtected": true, "Aces": [{"RightName": "Owns", "IsInherited": false, "PrincipalSID": "S-1-5-21-4194615774-2175524697-3563712290-512", "PrincipalType": "Group"}, {"RightName": "GenericAll", "IsInherited": false, "PrincipalSID": "S-1-5-21-4194615774-2175524697-3563712290-519", "PrincipalType": "Group"}, {"RightName": "GenericAll", "IsInherited": false, "PrincipalSID": "S-1-5-21-4194615774-2175524697-3563712290-512", "PrincipalType": "Group"}], "ChildObjects": []},{"ObjectIdentifier": "E1FBC0AF-F890-47F9-B499-BE6CB6120C44", "Properties": {"domain": "BLACKFIELD.LOCAL", "name": "COMPARTITIONSETS@BLACKFIELD.LOCAL", "distinguishedname": "CN=COMPARTITIONSETS,CN=SYSTEM,DC=BLACKFIELD,DC=LOCAL", "domainsid": "S-1-5-21-4194615774-2175524697-3563712290", "highvalue": false, "description": "", "whencreated": 1582456393}, "IsDeleted": false, "IsACLProtected": false, "Aces": [{"RightName": "Owns", "IsInherited": false, "PrincipalSID": "S-1-5-21-4194615774-2175524697-3563712290-512", "PrincipalType": "Group"}, {"RightName": "WriteOwner", "IsInherited": false, "PrincipalSID": "S-1-5-21-4194615774-2175524697-3563712290-512", "PrincipalType": "Group"}, {"RightName": "WriteDacl", "IsInherited": false, "PrincipalSID": "S-1-5-21-4194615774-2175524697-3563712290-512", "PrincipalType": "Group"}, {"RightName": "GenericAll", "IsInherited": true, "PrincipalSID": "S-1-5-21-4194615774-2175524697-3563712290-519", "PrincipalType": "Group"}, {"RightName": "WriteOwner", "IsInherited": true, "PrincipalSID": "BLACKFIELD.LOCAL-S-1-5-32-544", "PrincipalType": "Group"}, {"RightName": "WriteDacl", "IsInherited": true, "PrincipalSID": "BLACKFIELD.LOCAL-S-1-5-32-544", "PrincipalType": "Group"}], "ChildObjects": []},{"ObjectIdentifier": "B7F7859B-BEFF-4058-8514-A303CCDDCED3", "Properties": {"domain": "BLACKFIELD.LOCAL", "name": "COMPARTITIONS@BLACKFIELD.LOCAL", "distinguishedname": "CN=COMPARTITIONS,CN=SYSTEM,DC=BLACKFIELD,DC=LOCAL", "domainsid": "S-1-5-21-4194615774-2175524697-3563712290", "highvalue": false, "description": "", "whencreated": 1582456393}, "IsDeleted": false, "IsACLProtected": false, "Aces": [{"RightName": "Owns", "IsInherited": false, "PrincipalSID": "S-1-5-21-4194615774-2175524697-3563712290-512", "PrincipalType": "Group"}, {"RightName": "WriteOwner", "IsInherited": false, "PrincipalSID": "S-1-5-21-4194615774-2175524697-3563712290-512", "PrincipalType": "Group"}, {"RightName": "WriteDacl", "IsInherited": false, "PrincipalSID": "S-1-5-21-4194615774-2175524697-3563712290-512", "PrincipalType": "Group"}, {"RightName": "GenericAll", "IsInherited": true, "PrincipalSID": "S-1-5-21-4194615774-2175524697-3563712290-519", "PrincipalType": "Group"}, {"RightName": "WriteOwner", "IsInherited": true, "PrincipalSID": "BLACKFIELD.LOCAL-S-1-5-32-544", "PrincipalType": "Group"}, {"RightName": "WriteDacl", "IsInherited": true, "PrincipalSID": "BLACKFIELD.LOCAL-S-1-5-32-544", "PrincipalType": "Group"}], "ChildObjects": []},{"ObjectIdentifier": "C2B9FFCF-7840-4840-8F9B-95918AE807C9", "Properties": {"domain": "BLACKFIELD.LOCAL", "name": "ADMINSDHOLDER@BLACKFIELD.LOCAL", "distinguishedname": "CN=ADMINSDHOLDER,CN=SYSTEM,DC=BLACKFIELD,DC=LOCAL", "domainsid": "S-1-5-21-4194615774-2175524697-3563712290", "highvalue": false, "description": "", "whencreated": 1582456393}, "IsDeleted": false, "IsACLProtected": true, "Aces": [{"RightName": "Owns", "IsInherited": false, "PrincipalSID": "S-1-5-21-4194615774-2175524697-3563712290-512", "PrincipalType": "Group"}, {"RightName": "WriteOwner", "IsInherited": false, "PrincipalSID": "S-1-5-21-4194615774-2175524697-3563712290-512", "PrincipalType": "Group"}, {"RightName": "WriteDacl", "IsInherited": false, "PrincipalSID": "S-1-5-21-4194615774-2175524697-3563712290-512", "PrincipalType": "Group"}, {"RightName": "WriteOwner", "IsInherited": false, "PrincipalSID": "S-1-5-21-4194615774-2175524697-3563712290-519", "PrincipalType": "Group"}, {"RightName": "WriteDacl", "IsInherited": false, "PrincipalSID": "S-1-5-21-4194615774-2175524697-3563712290-519", "PrincipalType": "Group"}, {"RightName": "WriteOwner", "IsInherited": false, "PrincipalSID": "BLACKFIELD.LOCAL-S-1-5-32-544", "PrincipalType": "Group"}, {"RightName": "WriteDacl", "IsInherited": false, "PrincipalSID": "BLACKFIELD.LOCAL-S-1-5-32-544", "PrincipalType": "Group"}], "ChildObjects": []},{"ObjectIdentifier": "B91B9480-71A3-4865-AFE1-35D96520B780", "Properties": {"domain": "BLACKFIELD.LOCAL", "name": "RAS AND IAS SERVERS ACCESS CHECK@BLACKFIELD.LOCAL", "distinguishedname": "CN=RAS AND IAS SERVERS ACCESS CHECK,CN=SYSTEM,DC=BLACKFIELD,DC=LOCAL", "domainsid": "S-1-5-21-4194615774-2175524697-3563712290", "highvalue": false, "description": "", "whencreated": 1582456393}, "IsDeleted": false, "IsACLProtected": false, "Aces": [{"RightName": "Owns", "IsInherited": false, "PrincipalSID": "S-1-5-21-4194615774-2175524697-3563712290-512", "PrincipalType": "Group"}, {"RightName": "WriteOwner", "IsInherited": false, "PrincipalSID": "S-1-5-21-4194615774-2175524697-3563712290-553", "PrincipalType": "Group"}, {"RightName": "WriteDacl", "IsInherited": false, "PrincipalSID": "S-1-5-21-4194615774-2175524697-3563712290-553", "PrincipalType": "Group"}, {"RightName": "GenericAll", "IsInherited": true, "PrincipalSID": "S-1-5-21-4194615774-2175524697-3563712290-519", "PrincipalType": "Group"}, {"RightName": "WriteOwner", "IsInherited": true, "PrincipalSID": "BLACKFIELD.LOCAL-S-1-5-32-544", "PrincipalType": "Group"}, {"RightName": "WriteDacl", "IsInherited": true, "PrincipalSID": "BLACKFIELD.LOCAL-S-1-5-32-544", "PrincipalType": "Group"}], "ChildObjects": []},{"ObjectIdentifier": "8CE5D769-F8D0-4E1D-AFFC-75B0D15EF158", "Properties": {"domain": "BLACKFIELD.LOCAL", "name": "POLICIES@BLACKFIELD.LOCAL", "distinguishedname": "CN=POLICIES,CN=SYSTEM,DC=BLACKFIELD,DC=LOCAL", "domainsid": "S-1-5-21-4194615774-2175524697-3563712290", "highvalue": false, "description": "", "whencreated": 1582456393}, "IsDeleted": false, "IsACLProtected": false, "Aces": [{"RightName": "Owns", "IsInherited": false, "PrincipalSID": "S-1-5-21-4194615774-2175524697-3563712290-512", "PrincipalType": "Group"}, {"RightName": "WriteOwner", "IsInherited": false, "PrincipalSID": "S-1-5-21-4194615774-2175524697-3563712290-512", "PrincipalType": "Group"}, {"RightName": "WriteDacl", "IsInherited": false, "PrincipalSID": "S-1-5-21-4194615774-2175524697-3563712290-512", "PrincipalType": "Group"}, {"RightName": "GenericAll", "IsInherited": true, "PrincipalSID": "S-1-5-21-4194615774-2175524697-3563712290-519", "PrincipalType": "Group"}, {"RightName": "WriteOwner", "IsInherited": true, "PrincipalSID": "BLACKFIELD.LOCAL-S-1-5-32-544", "PrincipalType": "Group"}, {"RightName": "WriteDacl", "IsInherited": true, "PrincipalSID": "BLACKFIELD.LOCAL-S-1-5-32-544", "PrincipalType": "Group"}], "ChildObjects": []},{"ObjectIdentifier": "731FB09B-60D2-490D-AEA5-CDBE9A02AA2D", "Properties": {"domain": "BLACKFIELD.LOCAL", "name": "MEETINGS@BLACKFIELD.LOCAL", "distinguishedname": "CN=MEETINGS,CN=SYSTEM,DC=BLACKFIELD,DC=LOCAL", "domainsid": "S-1-5-21-4194615774-2175524697-3563712290", "highvalue": false, "description": "", "whencreated": 1582456393}, "IsDeleted": false, "IsACLProtected": false, "Aces": [{"RightName": "Owns", "IsInherited": false, "PrincipalSID": "S-1-5-21-4194615774-2175524697-3563712290-512", "PrincipalType": "Group"}, {"RightName": "WriteOwner", "IsInherited": false, "PrincipalSID": "S-1-5-21-4194615774-2175524697-3563712290-512", "PrincipalType": "Group"}, {"RightName": "WriteDacl", "IsInherited": false, "PrincipalSID": "S-1-5-21-4194615774-2175524697-3563712290-512", "PrincipalType": "Group"}, {"RightName": "GenericAll", "IsInherited": true, "PrincipalSID": "S-1-5-21-4194615774-2175524697-3563712290-519", "PrincipalType": "Group"}, {"RightName": "WriteOwner", "IsInherited": true, "PrincipalSID": "BLACKFIELD.LOCAL-S-1-5-32-544", "PrincipalType": "Group"}, {"RightName": "WriteDacl", "IsInherited": true, "PrincipalSID": "BLACKFIELD.LOCAL-S-1-5-32-544", "PrincipalType": "Group"}], "ChildObjects": []},{"ObjectIdentifier": "4024F554-724D-405A-9934-311C50CD90EF", "Properties": {"domain": "BLACKFIELD.LOCAL", "name": "WINSOCKSERVICES@BLACKFIELD.LOCAL", "distinguishedname": "CN=WINSOCKSERVICES,CN=SYSTEM,DC=BLACKFIELD,DC=LOCAL", "domainsid": "S-1-5-21-4194615774-2175524697-3563712290", "highvalue": false, "description": "", "whencreated": 1582456393}, "IsDeleted": false, "IsACLProtected": false, "Aces": [{"RightName": "Owns", "IsInherited": false, "PrincipalSID": "S-1-5-21-4194615774-2175524697-3563712290-512", "PrincipalType": "Group"}, {"RightName": "WriteOwner", "IsInherited": false, "PrincipalSID": "S-1-5-21-4194615774-2175524697-3563712290-512", "PrincipalType": "Group"}, {"RightName": "WriteDacl", "IsInherited": false, "PrincipalSID": "S-1-5-21-4194615774-2175524697-3563712290-512", "PrincipalType": "Group"}, {"RightName": "GenericAll", "IsInherited": true, "PrincipalSID": "S-1-5-21-4194615774-2175524697-3563712290-519", "PrincipalType": "Group"}, {"RightName": "WriteOwner", "IsInherited": true, "PrincipalSID": "BLACKFIELD.LOCAL-S-1-5-32-544", "PrincipalType": "Group"}, {"RightName": "WriteDacl", "IsInherited": true, "PrincipalSID": "BLACKFIELD.LOCAL-S-1-5-32-544", "PrincipalType": "Group"}], "ChildObjects": []},{"ObjectIdentifier": "29CB6BA7-38C7-4DD0-BE12-517863ABA852", "Properties": {"domain": "BLACKFIELD.LOCAL", "name": "MANAGED SERVICE ACCOUNTS@BLACKFIELD.LOCAL", "distinguishedname": "CN=MANAGED SERVICE ACCOUNTS,DC=BLACKFIELD,DC=LOCAL", "domainsid": "S-1-5-21-4194615774-2175524697-3563712290", "highvalue": false, "description": "Default container for managed service accounts", "whencreated": 1582456393}, "IsDeleted": false, "IsACLProtected": false, "Aces": [{"RightName": "Owns", "IsInherited": false, "PrincipalSID": "S-1-5-21-4194615774-2175524697-3563712290-512", "PrincipalType": "Group"}, {"RightName": "WriteOwner", "IsInherited": false, "PrincipalSID": "S-1-5-21-4194615774-2175524697-3563712290-512", "PrincipalType": "Group"}, {"RightName": "WriteDacl", "IsInherited": false, "PrincipalSID": "S-1-5-21-4194615774-2175524697-3563712290-512", "PrincipalType": "Group"}, {"RightName": "GenericAll", "IsInherited": true, "PrincipalSID": "S-1-5-21-4194615774-2175524697-3563712290-519", "PrincipalType": "Group"}, {"RightName": "WriteOwner", "IsInherited": true, "PrincipalSID": "BLACKFIELD.LOCAL-S-1-5-32-544", "PrincipalType": "Group"}, {"RightName": "WriteDacl", "IsInherited": true, "PrincipalSID": "BLACKFIELD.LOCAL-S-1-5-32-544", "PrincipalType": "Group"}], "ChildObjects": []},{"ObjectIdentifier": "274CDEA6-682B-42E4-BEA1-463B6D50C603", "Properties": {"domain": "BLACKFIELD.LOCAL", "name": "MICROSOFT@BLACKFIELD.LOCAL", "distinguishedname": "CN=MICROSOFT,CN=PROGRAM DATA,DC=BLACKFIELD,DC=LOCAL", "domainsid": "S-1-5-21-4194615774-2175524697-3563712290", "highvalue": false, "description": "Default location for storage of Microsoft application data.", "whencreated": 1582456393}, "IsDeleted": false, "IsACLProtected": false, "Aces": [{"RightName": "Owns", "IsInherited": false, "PrincipalSID": "S-1-5-21-4194615774-2175524697-3563712290-512", "PrincipalType": "Group"}, {"RightName": "GenericAll", "IsInherited": false, "PrincipalSID": "S-1-5-21-4194615774-2175524697-3563712290-512", "PrincipalType": "Group"}, {"RightName": "GenericAll", "IsInherited": true, "PrincipalSID": "S-1-5-21-4194615774-2175524697-3563712290-519", "PrincipalType": "Group"}, {"RightName": "WriteOwner", "IsInherited": true, "PrincipalSID": "BLACKFIELD.LOCAL-S-1-5-32-544", "PrincipalType": "Group"}, {"RightName": "WriteDacl", "IsInherited": true, "PrincipalSID": "BLACKFIELD.LOCAL-S-1-5-32-544", "PrincipalType": "Group"}], "ChildObjects": []},{"ObjectIdentifier": "EB1E1D5A-03A9-4893-B569-999A886649FB", "Properties": {"domain": "BLACKFIELD.LOCAL", "name": "PROGRAM DATA@BLACKFIELD.LOCAL", "distinguishedname": "CN=PROGRAM DATA,DC=BLACKFIELD,DC=LOCAL", "domainsid": "S-1-5-21-4194615774-2175524697-3563712290", "highvalue": false, "description": "Default location for storage of application data.", "whencreated": 1582456393}, "IsDeleted": false, "IsACLProtected": false, "Aces": [{"RightName": "Owns", "IsInherited": false, "PrincipalSID": "S-1-5-21-4194615774-2175524697-3563712290-512", "PrincipalType": "Group"}, {"RightName": "GenericAll", "IsInherited": false, "PrincipalSID": "S-1-5-21-4194615774-2175524697-3563712290-512", "PrincipalType": "Group"}, {"RightName": "GenericAll", "IsInherited": true, "PrincipalSID": "S-1-5-21-4194615774-2175524697-3563712290-519", "PrincipalType": "Group"}, {"RightName": "WriteOwner", "IsInherited": true, "PrincipalSID": "BLACKFIELD.LOCAL-S-1-5-32-544", "PrincipalType": "Group"}, {"RightName": "WriteDacl", "IsInherited": true, "PrincipalSID": "BLACKFIELD.LOCAL-S-1-5-32-544", "PrincipalType": "Group"}], "ChildObjects": []},{"ObjectIdentifier": "E1AB4813-6EA3-4F97-BD95-C1ECA9F1B30B", "Properties": {"domain": "BLACKFIELD.LOCAL", "name": "FOREIGNSECURITYPRINCIPALS@BLACKFIELD.LOCAL", "distinguishedname": "CN=FOREIGNSECURITYPRINCIPALS,DC=BLACKFIELD,DC=LOCAL", "domainsid": "S-1-5-21-4194615774-2175524697-3563712290", "highvalue": false, "description": "Default container for security identifiers (SIDs) associated with objects from external, trusted domains", "whencreated": 1582456393}, "IsDeleted": false, "IsACLProtected": false, "Aces": [{"RightName": "Owns", "IsInherited": false, "PrincipalSID": "S-1-5-21-4194615774-2175524697-3563712290-512", "PrincipalType": "Group"}, {"RightName": "GenericAll", "IsInherited": false, "PrincipalSID": "S-1-5-21-4194615774-2175524697-3563712290-512", "PrincipalType": "Group"}, {"RightName": "GenericAll", "IsInherited": true, "PrincipalSID": "S-1-5-21-4194615774-2175524697-3563712290-519", "PrincipalType": "Group"}, {"RightName": "WriteOwner", "IsInherited": true, "PrincipalSID": "BLACKFIELD.LOCAL-S-1-5-32-544", "PrincipalType": "Group"}, {"RightName": "WriteDacl", "IsInherited": true, "PrincipalSID": "BLACKFIELD.LOCAL-S-1-5-32-544", "PrincipalType": "Group"}], "ChildObjects": []},{"ObjectIdentifier": "CA8DD2F8-4561-40CC-B3A5-016D6F7048EB", "Properties": {"domain": "BLACKFIELD.LOCAL", "name": "SYSTEM@BLACKFIELD.LOCAL", "distinguishedname": "CN=SYSTEM,DC=BLACKFIELD,DC=LOCAL", "domainsid": "S-1-5-21-4194615774-2175524697-3563712290", "highvalue": false, "description": "Builtin system settings", "whencreated": 1582456393}, "IsDeleted": false, "IsACLProtected": false, "Aces": [{"RightName": "Owns", "IsInherited": false, "PrincipalSID": "S-1-5-21-4194615774-2175524697-3563712290-512", "PrincipalType": "Group"}, {"RightName": "WriteOwner", "IsInherited": false, "PrincipalSID": "S-1-5-21-4194615774-2175524697-3563712290-512", "PrincipalType": "Group"}, {"RightName": "WriteDacl", "IsInherited": false, "PrincipalSID": "S-1-5-21-4194615774-2175524697-3563712290-512", "PrincipalType": "Group"}, {"RightName": "GenericAll", "IsInherited": true, "PrincipalSID": "S-1-5-21-4194615774-2175524697-3563712290-519", "PrincipalType": "Group"}, {"RightName": "WriteOwner", "IsInherited": true, "PrincipalSID": "BLACKFIELD.LOCAL-S-1-5-32-544", "PrincipalType": "Group"}, {"RightName": "WriteDacl", "IsInherited": true, "PrincipalSID": "BLACKFIELD.LOCAL-S-1-5-32-544", "PrincipalType": "Group"}], "ChildObjects": []},{"ObjectIdentifier": "543854A8-CB6C-4146-A2DE-3321032BC5C4", "Properties": {"domain": "BLACKFIELD.LOCAL", "name": "COMPUTERS@BLACKFIELD.LOCAL", "distinguishedname": "CN=COMPUTERS,DC=BLACKFIELD,DC=LOCAL", "domainsid": "S-1-5-21-4194615774-2175524697-3563712290", "highvalue": false, "description": "Default container for upgraded computer accounts", "whencreated": 1582456393}, "IsDeleted": false, "IsACLProtected": false, "Aces": [{"RightName": "Owns", "IsInherited": false, "PrincipalSID": "S-1-5-21-4194615774-2175524697-3563712290-512", "PrincipalType": "Group"}, {"RightName": "WriteOwner", "IsInherited": false, "PrincipalSID": "S-1-5-21-4194615774-2175524697-3563712290-512", "PrincipalType": "Group"}, {"RightName": "WriteDacl", "IsInherited": false, "PrincipalSID": "S-1-5-21-4194615774-2175524697-3563712290-512", "PrincipalType": "Group"}, {"RightName": "GenericAll", "IsInherited": true, "PrincipalSID": "S-1-5-21-4194615774-2175524697-3563712290-519", "PrincipalType": "Group"}, {"RightName": "WriteOwner", "IsInherited": true, "PrincipalSID": "BLACKFIELD.LOCAL-S-1-5-32-544", "PrincipalType": "Group"}, {"RightName": "WriteDacl", "IsInherited": true, "PrincipalSID": "BLACKFIELD.LOCAL-S-1-5-32-544", "PrincipalType": "Group"}], "ChildObjects": [{"ObjectIdentifier": "S-1-5-21-4194615774-2175524697-3563712290-1428", "ObjectType": "Computer"}, {"ObjectIdentifier": "S-1-5-21-4194615774-2175524697-3563712290-1431", "ObjectType": "Computer"}, {"ObjectIdentifier": "S-1-5-21-4194615774-2175524697-3563712290-1429", "ObjectType": "Computer"}, {"ObjectIdentifier": "S-1-5-21-4194615774-2175524697-3563712290-1430", "ObjectType": "Computer"}, {"ObjectIdentifier": "S-1-5-21-4194615774-2175524697-3563712290-1427", "ObjectType": "Computer"}, {"ObjectIdentifier": "S-1-5-21-4194615774-2175524697-3563712290-1426", "ObjectType": "Computer"}, {"ObjectIdentifier": "S-1-5-21-4194615774-2175524697-3563712290-1425", "ObjectType": "Computer"}, {"ObjectIdentifier": "S-1-5-21-4194615774-2175524697-3563712290-1424", "ObjectType": "Computer"}, {"ObjectIdentifier": "S-1-5-21-4194615774-2175524697-3563712290-1423", "ObjectType": "Computer"}, {"ObjectIdentifier": "S-1-5-21-4194615774-2175524697-3563712290-1422", "ObjectType": "Computer"}, {"ObjectIdentifier": "S-1-5-21-4194615774-2175524697-3563712290-1421", "ObjectType": "Computer"}, {"ObjectIdentifier": "S-1-5-21-4194615774-2175524697-3563712290-1420", "ObjectType": "Computer"}, {"ObjectIdentifier": "S-1-5-21-4194615774-2175524697-3563712290-1419", "ObjectType": "Computer"}, {"ObjectIdentifier": "S-1-5-21-4194615774-2175524697-3563712290-1418", "ObjectType": "Computer"}, {"ObjectIdentifier": "S-1-5-21-4194615774-2175524697-3563712290-1417", "ObjectType": "Computer"}, {"ObjectIdentifier": "S-1-5-21-4194615774-2175524697-3563712290-1416", "ObjectType": "Computer"}, {"ObjectIdentifier": "S-1-5-21-4194615774-2175524697-3563712290-1415", "ObjectType": "Computer"}]},{"ObjectIdentifier": "271C686D-6555-44AF-8878-4ECC17AAAE35", "Properties": {"domain": "BLACKFIELD.LOCAL", "name": "USERS@BLACKFIELD.LOCAL", "distinguishedname": "CN=USERS,DC=BLACKFIELD,DC=LOCAL", "domainsid": "S-1-5-21-4194615774-2175524697-3563712290", "highvalue": false, "description": "Default container for upgraded user accounts", "whencreated": 1582456393}, "IsDeleted": false, "IsACLProtected": false, "Aces": [{"RightName": "Owns", "IsInherited": false, "PrincipalSID": "S-1-5-21-4194615774-2175524697-3563712290-512", "PrincipalType": "Group"}, {"RightName": "WriteOwner", "IsInherited": false, "PrincipalSID": "S-1-5-21-4194615774-2175524697-3563712290-512", "PrincipalType": "Group"}, {"RightName": "WriteDacl", "IsInherited": false, "PrincipalSID": "S-1-5-21-4194615774-2175524697-3563712290-512", "PrincipalType": "Group"}, {"RightName": "GenericAll", "IsInherited": true, "PrincipalSID": "S-1-5-21-4194615774-2175524697-3563712290-519", "PrincipalType": "Group"}, {"RightName": "WriteOwner", "IsInherited": true, "PrincipalSID": "BLACKFIELD.LOCAL-S-1-5-32-544", "PrincipalType": "Group"}, {"RightName": "WriteDacl", "IsInherited": true, "PrincipalSID": "BLACKFIELD.LOCAL-S-1-5-32-544", "PrincipalType": "Group"}], "ChildObjects": [{"ObjectIdentifier": "S-1-5-21-4194615774-2175524697-3563712290-1250", "ObjectType": "User"}, {"ObjectIdentifier": "S-1-5-21-4194615774-2175524697-3563712290-1259", "ObjectType": "User"}, {"ObjectIdentifier": "S-1-5-21-4194615774-2175524697-3563712290-1114", "ObjectType": "User"}, {"ObjectIdentifier": "S-1-5-21-4194615774-2175524697-3563712290-1380", "ObjectType": "User"}, {"ObjectIdentifier": "S-1-5-21-4194615774-2175524697-3563712290-1265", "ObjectType": "User"}, {"ObjectIdentifier": "S-1-5-21-4194615774-2175524697-3563712290-1145", "ObjectType": "User"}, {"ObjectIdentifier": "S-1-5-21-4194615774-2175524697-3563712290-1359", "ObjectType": "User"}, {"ObjectIdentifier": "S-1-5-21-4194615774-2175524697-3563712290-1206", "ObjectType": "User"}, {"ObjectIdentifier": "S-1-5-21-4194615774-2175524697-3563712290-1297", "ObjectType": "User"}, {"ObjectIdentifier": "S-1-5-21-4194615774-2175524697-3563712290-1303", "ObjectType": "User"}, {"ObjectIdentifier": "S-1-5-21-4194615774-2175524697-3563712290-1414", "ObjectType": "User"}, {"ObjectIdentifier": "S-1-5-21-4194615774-2175524697-3563712290-1176", "ObjectType": "User"}, {"ObjectIdentifier": "S-1-5-21-4194615774-2175524697-3563712290-1184", "ObjectType": "User"}, {"ObjectIdentifier": "S-1-5-21-4194615774-2175524697-3563712290-1238", "ObjectType": "User"}, {"ObjectIdentifier": "S-1-5-21-4194615774-2175524697-3563712290-1404", "ObjectType": "User"}, {"ObjectIdentifier": "S-1-5-21-4194615774-2175524697-3563712290-1366", "ObjectType": "User"}, {"ObjectIdentifier": "S-1-5-21-4194615774-2175524697-3563712290-1285", "ObjectType": "User"}, {"ObjectIdentifier": "S-1-5-21-4194615774-2175524697-3563712290-1177", "ObjectType": "User"}, {"ObjectIdentifier": "S-1-5-21-4194615774-2175524697-3563712290-1308", "ObjectType": "User"}, {"ObjectIdentifier": "S-1-5-21-4194615774-2175524697-3563712290-1228", "ObjectType": "User"}, {"ObjectIdentifier": "S-1-5-21-4194615774-2175524697-3563712290-1117", "ObjectType": "User"}, {"ObjectIdentifier": "S-1-5-21-4194615774-2175524697-3563712290-1327", "ObjectType": "User"}, {"ObjectIdentifier": "S-1-5-21-4194615774-2175524697-3563712290-1107", "ObjectType": "User"}, {"ObjectIdentifier": "S-1-5-21-4194615774-2175524697-3563712290-1116", "ObjectType": "User"}, {"ObjectIdentifier": "S-1-5-21-4194615774-2175524697-3563712290-1168", "ObjectType": "User"}, {"ObjectIdentifier": "S-1-5-21-4194615774-2175524697-3563712290-1247", "ObjectType": "User"}, {"ObjectIdentifier": "S-1-5-21-4194615774-2175524697-3563712290-1293", "ObjectType": "User"}, {"ObjectIdentifier": "S-1-5-21-4194615774-2175524697-3563712290-1241", "ObjectType": "User"}, {"ObjectIdentifier": "S-1-5-21-4194615774-2175524697-3563712290-1375", "ObjectType": "User"}, {"ObjectIdentifier": "S-1-5-21-4194615774-2175524697-3563712290-1277", "ObjectType": "User"}, {"ObjectIdentifier": "S-1-5-21-4194615774-2175524697-3563712290-1140", "ObjectType": "User"}, {"ObjectIdentifier": "S-1-5-21-4194615774-2175524697-3563712290-1227", "ObjectType": "User"}, {"ObjectIdentifier": "S-1-5-21-4194615774-2175524697-3563712290-1409", "ObjectType": "User"}, {"ObjectIdentifier": "S-1-5-21-4194615774-2175524697-3563712290-1164", "ObjectType": "User"}, {"ObjectIdentifier": "S-1-5-21-4194615774-2175524697-3563712290-502", "ObjectType": "User"}, {"ObjectIdentifier": "S-1-5-21-4194615774-2175524697-3563712290-1141", "ObjectType": "User"}, {"ObjectIdentifier": "S-1-5-21-4194615774-2175524697-3563712290-1205", "ObjectType": "User"}, {"ObjectIdentifier": "S-1-5-21-4194615774-2175524697-3563712290-1139", "ObjectType": "User"}, {"ObjectIdentifier": "S-1-5-21-4194615774-2175524697-3563712290-1240", "ObjectType": "User"}, {"ObjectIdentifier": "S-1-5-21-4194615774-2175524697-3563712290-526", "ObjectType": "Group"}, {"ObjectIdentifier": "S-1-5-21-4194615774-2175524697-3563712290-1377", "ObjectType": "User"}, {"ObjectIdentifier": "S-1-5-21-4194615774-2175524697-3563712290-1210", "ObjectType": "User"}, {"ObjectIdentifier": "S-1-5-21-4194615774-2175524697-3563712290-1356", "ObjectType": "User"}, {"ObjectIdentifier": "S-1-5-21-4194615774-2175524697-3563712290-1291", "ObjectType": "User"}, {"ObjectIdentifier": "S-1-5-21-4194615774-2175524697-3563712290-1225", "ObjectType": "User"}, {"ObjectIdentifier": "S-1-5-21-4194615774-2175524697-3563712290-1344", "ObjectType": "User"}, {"ObjectIdentifier": "S-1-5-21-4194615774-2175524697-3563712290-1381", "ObjectType": "User"}, {"ObjectIdentifier": "S-1-5-21-4194615774-2175524697-3563712290-1218", "ObjectType": "User"}, {"ObjectIdentifier": "S-1-5-21-4194615774-2175524697-3563712290-1187", "ObjectType": "User"}, {"ObjectIdentifier": "S-1-5-21-4194615774-2175524697-3563712290-1201", "ObjectType": "User"}, {"ObjectIdentifier": "S-1-5-21-4194615774-2175524697-3563712290-1289", "ObjectType": "User"}, {"ObjectIdentifier": "S-1-5-21-4194615774-2175524697-3563712290-1316", "ObjectType": "User"}, {"ObjectIdentifier": "S-1-5-21-4194615774-2175524697-3563712290-1364", "ObjectType": "User"}, {"ObjectIdentifier": "S-1-5-21-4194615774-2175524697-3563712290-1350", "ObjectType": "User"}, {"ObjectIdentifier": "S-1-5-21-4194615774-2175524697-3563712290-1130", "ObjectType": "User"}, {"ObjectIdentifier": "S-1-5-21-4194615774-2175524697-3563712290-1402", "ObjectType": "User"}, {"ObjectIdentifier": "S-1-5-21-4194615774-2175524697-3563712290-1212", "ObjectType": "User"}, {"ObjectIdentifier": "S-1-5-21-4194615774-2175524697-3563712290-1311", "ObjectType": "User"}, {"ObjectIdentifier": "S-1-5-21-4194615774-2175524697-3563712290-1352", "ObjectType": "User"}, {"ObjectIdentifier": "S-1-5-21-4194615774-2175524697-3563712290-1353", "ObjectType": "User"}, {"ObjectIdentifier": "S-1-5-21-4194615774-2175524697-3563712290-1242", "ObjectType": "User"}, {"ObjectIdentifier": "S-1-5-21-4194615774-2175524697-3563712290-1118", "ObjectType": "User"}, {"ObjectIdentifier": "S-1-5-21-4194615774-2175524697-3563712290-1358", "ObjectType": "User"}, {"ObjectIdentifier": "S-1-5-21-4194615774-2175524697-3563712290-1360", "ObjectType": "User"}, {"ObjectIdentifier": "S-1-5-21-4194615774-2175524697-3563712290-1231", "ObjectType": "User"}, {"ObjectIdentifier": "S-1-5-21-4194615774-2175524697-3563712290-1335", "ObjectType": "User"}, {"ObjectIdentifier": "S-1-5-21-4194615774-2175524697-3563712290-1222", "ObjectType": "User"}, {"ObjectIdentifier": "S-1-5-21-4194615774-2175524697-3563712290-1403", "ObjectType": "User"}, {"ObjectIdentifier": "S-1-5-21-4194615774-2175524697-3563712290-1224", "ObjectType": "User"}, {"ObjectIdentifier": "S-1-5-21-4194615774-2175524697-3563712290-1120", "ObjectType": "User"}, {"ObjectIdentifier": "S-1-5-21-4194615774-2175524697-3563712290-1161", "ObjectType": "User"}, {"ObjectIdentifier": "S-1-5-21-4194615774-2175524697-3563712290-1388", "ObjectType": "User"}, {"ObjectIdentifier": "S-1-5-21-4194615774-2175524697-3563712290-501", "ObjectType": "User"}, {"ObjectIdentifier": "S-1-5-21-4194615774-2175524697-3563712290-1246", "ObjectType": "User"}, {"ObjectIdentifier": "S-1-5-21-4194615774-2175524697-3563712290-520", "ObjectType": "Group"}, {"ObjectIdentifier": "S-1-5-21-4194615774-2175524697-3563712290-1374", "ObjectType": "User"}, {"ObjectIdentifier": "S-1-5-21-4194615774-2175524697-3563712290-1365", "ObjectType": "User"}, {"ObjectIdentifier": "S-1-5-21-4194615774-2175524697-3563712290-1132", "ObjectType": "User"}, {"ObjectIdentifier": "S-1-5-21-4194615774-2175524697-3563712290-1371", "ObjectType": "User"}, {"ObjectIdentifier": "S-1-5-21-4194615774-2175524697-3563712290-1243", "ObjectType": "User"}, {"ObjectIdentifier": "S-1-5-21-4194615774-2175524697-3563712290-1180", "ObjectType": "User"}, {"ObjectIdentifier": "S-1-5-21-4194615774-2175524697-3563712290-1324", "ObjectType": "User"}, {"ObjectIdentifier": "S-1-5-21-4194615774-2175524697-3563712290-1337", "ObjectType": "User"}, {"ObjectIdentifier": "S-1-5-21-4194615774-2175524697-3563712290-1321", "ObjectType": "User"}, {"ObjectIdentifier": "S-1-5-21-4194615774-2175524697-3563712290-1288", "ObjectType": "User"}, {"ObjectIdentifier": "S-1-5-21-4194615774-2175524697-3563712290-1275", "ObjectType": "User"}, {"ObjectIdentifier": "S-1-5-21-4194615774-2175524697-3563712290-1296", "ObjectType": "User"}, {"ObjectIdentifier": "S-1-5-21-4194615774-2175524697-3563712290-1233", "ObjectType": "User"}, {"ObjectIdentifier": "S-1-5-21-4194615774-2175524697-3563712290-1113", "ObjectType": "User"}, {"ObjectIdentifier": "S-1-5-21-4194615774-2175524697-3563712290-1385", "ObjectType": "User"}, {"ObjectIdentifier": "S-1-5-21-4194615774-2175524697-3563712290-1152", "ObjectType": "User"}, {"ObjectIdentifier": "S-1-5-21-4194615774-2175524697-3563712290-1129", "ObjectType": "User"}, {"ObjectIdentifier": "S-1-5-21-4194615774-2175524697-3563712290-1348", "ObjectType": "User"}, {"ObjectIdentifier": "S-1-5-21-4194615774-2175524697-3563712290-1378", "ObjectType": "User"}, {"ObjectIdentifier": "S-1-5-21-4194615774-2175524697-3563712290-1357", "ObjectType": "User"}, {"ObjectIdentifier": "S-1-5-21-4194615774-2175524697-3563712290-1273", "ObjectType": "User"}, {"ObjectIdentifier": "S-1-5-21-4194615774-2175524697-3563712290-1154", "ObjectType": "User"}, {"ObjectIdentifier": "S-1-5-21-4194615774-2175524697-3563712290-1399", "ObjectType": "User"}, {"ObjectIdentifier": "S-1-5-21-4194615774-2175524697-3563712290-1197", "ObjectType": "User"}, {"ObjectIdentifier": "S-1-5-21-4194615774-2175524697-3563712290-498", "ObjectType": "Group"}, {"ObjectIdentifier": "S-1-5-21-4194615774-2175524697-3563712290-527", "ObjectType": "Group"}, {"ObjectIdentifier": "S-1-5-21-4194615774-2175524697-3563712290-519", "ObjectType": "Group"}, {"ObjectIdentifier": "S-1-5-21-4194615774-2175524697-3563712290-1336", "ObjectType": "User"}, {"ObjectIdentifier": "S-1-5-21-4194615774-2175524697-3563712290-1153", "ObjectType": "User"}, {"ObjectIdentifier": "S-1-5-21-4194615774-2175524697-3563712290-1411", "ObjectType": "User"}, {"ObjectIdentifier": "S-1-5-21-4194615774-2175524697-3563712290-1329", "ObjectType": "User"}, {"ObjectIdentifier": "S-1-5-21-4194615774-2175524697-3563712290-1386", "ObjectType": "User"}, {"ObjectIdentifier": "S-1-5-21-4194615774-2175524697-3563712290-1354", "ObjectType": "User"}, {"ObjectIdentifier": "S-1-5-21-4194615774-2175524697-3563712290-1340", "ObjectType": "User"}, {"ObjectIdentifier": "S-1-5-21-4194615774-2175524697-3563712290-1257", "ObjectType": "User"}, {"ObjectIdentifier": "S-1-5-21-4194615774-2175524697-3563712290-1330", "ObjectType": "User"}, {"ObjectIdentifier": "S-1-5-21-4194615774-2175524697-3563712290-1182", "ObjectType": "User"}, {"ObjectIdentifier": "S-1-5-21-4194615774-2175524697-3563712290-1143", "ObjectType": "User"}, {"ObjectIdentifier": "S-1-5-21-4194615774-2175524697-3563712290-1190", "ObjectType": "User"}, {"ObjectIdentifier": "S-1-5-21-4194615774-2175524697-3563712290-1338", "ObjectType": "User"}, {"ObjectIdentifier": "S-1-5-21-4194615774-2175524697-3563712290-1301", "ObjectType": "User"}, {"ObjectIdentifier": "S-1-5-21-4194615774-2175524697-3563712290-513", "ObjectType": "Group"}, {"ObjectIdentifier": "S-1-5-21-4194615774-2175524697-3563712290-514", "ObjectType": "Group"}, {"ObjectIdentifier": "S-1-5-21-4194615774-2175524697-3563712290-516", "ObjectType": "Group"}, {"ObjectIdentifier": "S-1-5-21-4194615774-2175524697-3563712290-515", "ObjectType": "Group"}, {"ObjectIdentifier": "S-1-5-21-4194615774-2175524697-3563712290-512", "ObjectType": "Group"}, {"ObjectIdentifier": "S-1-5-21-4194615774-2175524697-3563712290-1102", "ObjectType": "Group"}, {"ObjectIdentifier": "S-1-5-21-4194615774-2175524697-3563712290-1101", "ObjectType": "Group"}, {"ObjectIdentifier": "S-1-5-21-4194615774-2175524697-3563712290-1326", "ObjectType": "User"}, {"ObjectIdentifier": "S-1-5-21-4194615774-2175524697-3563712290-1268", "ObjectType": "User"}, {"ObjectIdentifier": "S-1-5-21-4194615774-2175524697-3563712290-572", "ObjectType": "Group"}, {"ObjectIdentifier": "S-1-5-21-4194615774-2175524697-3563712290-1310", "ObjectType": "User"}, {"ObjectIdentifier": "S-1-5-21-4194615774-2175524697-3563712290-1280", "ObjectType": "User"}, {"ObjectIdentifier": "S-1-5-21-4194615774-2175524697-3563712290-1178", "ObjectType": "User"}, {"ObjectIdentifier": "S-1-5-21-4194615774-2175524697-3563712290-1393", "ObjectType": "User"}, {"ObjectIdentifier": "S-1-5-21-4194615774-2175524697-3563712290-1108", "ObjectType": "User"}, {"ObjectIdentifier": "S-1-5-21-4194615774-2175524697-3563712290-1160", "ObjectType": "User"}, {"ObjectIdentifier": "S-1-5-21-4194615774-2175524697-3563712290-1390", "ObjectType": "User"}, {"ObjectIdentifier": "S-1-5-21-4194615774-2175524697-3563712290-1279", "ObjectType": "User"}, {"ObjectIdentifier": "S-1-5-21-4194615774-2175524697-3563712290-1286", "ObjectType": "User"}, {"ObjectIdentifier": "S-1-5-21-4194615774-2175524697-3563712290-1194", "ObjectType": "User"}, {"ObjectIdentifier": "S-1-5-21-4194615774-2175524697-3563712290-522", "ObjectType": "Group"}, {"ObjectIdentifier": "S-1-5-21-4194615774-2175524697-3563712290-1217", "ObjectType": "User"}, {"ObjectIdentifier": "S-1-5-21-4194615774-2175524697-3563712290-1332", "ObjectType": "User"}, {"ObjectIdentifier": "S-1-5-21-4194615774-2175524697-3563712290-1158", "ObjectType": "User"}, {"ObjectIdentifier": "S-1-5-21-4194615774-2175524697-3563712290-1270", "ObjectType": "User"}, {"ObjectIdentifier": "S-1-5-21-4194615774-2175524697-3563712290-1232", "ObjectType": "User"}, {"ObjectIdentifier": "S-1-5-21-4194615774-2175524697-3563712290-1394", "ObjectType": "User"}, {"ObjectIdentifier": "S-1-5-21-4194615774-2175524697-3563712290-1211", "ObjectType": "User"}, {"ObjectIdentifier": "S-1-5-21-4194615774-2175524697-3563712290-1162", "ObjectType": "User"}, {"ObjectIdentifier": "S-1-5-21-4194615774-2175524697-3563712290-1347", "ObjectType": "User"}, {"ObjectIdentifier": "S-1-5-21-4194615774-2175524697-3563712290-517", "ObjectType": "Group"}, {"ObjectIdentifier": "S-1-5-21-4194615774-2175524697-3563712290-1306", "ObjectType": "User"}, {"ObjectIdentifier": "S-1-5-21-4194615774-2175524697-3563712290-1175", "ObjectType": "User"}, {"ObjectIdentifier": "S-1-5-21-4194615774-2175524697-3563712290-1124", "ObjectType": "User"}, {"ObjectIdentifier": "S-1-5-21-4194615774-2175524697-3563712290-1195", "ObjectType": "User"}, {"ObjectIdentifier": "S-1-5-21-4194615774-2175524697-3563712290-1221", "ObjectType": "User"}, {"ObjectIdentifier": "S-1-5-21-4194615774-2175524697-3563712290-1253", "ObjectType": "User"}, {"ObjectIdentifier": "S-1-5-21-4194615774-2175524697-3563712290-1119", "ObjectType": "User"}, {"ObjectIdentifier": "S-1-5-21-4194615774-2175524697-3563712290-1204", "ObjectType": "User"}, {"ObjectIdentifier": "S-1-5-21-4194615774-2175524697-3563712290-1244", "ObjectType": "User"}, {"ObjectIdentifier": "S-1-5-21-4194615774-2175524697-3563712290-1258", "ObjectType": "User"}, {"ObjectIdentifier": "S-1-5-21-4194615774-2175524697-3563712290-1307", "ObjectType": "User"}, {"ObjectIdentifier": "S-1-5-21-4194615774-2175524697-3563712290-1278", "ObjectType": "User"}, {"ObjectIdentifier": "S-1-5-21-4194615774-2175524697-3563712290-1292", "ObjectType": "User"}, {"ObjectIdentifier": "S-1-5-21-4194615774-2175524697-3563712290-1150", "ObjectType": "User"}, {"ObjectIdentifier": "S-1-5-21-4194615774-2175524697-3563712290-1200", "ObjectType": "User"}, {"ObjectIdentifier": "S-1-5-21-4194615774-2175524697-3563712290-1408", "ObjectType": "User"}, {"ObjectIdentifier": "S-1-5-21-4194615774-2175524697-3563712290-1103", "ObjectType": "User"}, {"ObjectIdentifier": "S-1-5-21-4194615774-2175524697-3563712290-1166", "ObjectType": "User"}, {"ObjectIdentifier": "S-1-5-21-4194615774-2175524697-3563712290-1304", "ObjectType": "User"}, {"ObjectIdentifier": "S-1-5-21-4194615774-2175524697-3563712290-1112", "ObjectType": "User"}, {"ObjectIdentifier": "S-1-5-21-4194615774-2175524697-3563712290-1248", "ObjectType": "User"}, {"ObjectIdentifier": "S-1-5-21-4194615774-2175524697-3563712290-1271", "ObjectType": "User"}, {"ObjectIdentifier": "S-1-5-21-4194615774-2175524697-3563712290-1133", "ObjectType": "User"}, {"ObjectIdentifier": "S-1-5-21-4194615774-2175524697-3563712290-1362", "ObjectType": "User"}, {"ObjectIdentifier": "S-1-5-21-4194615774-2175524697-3563712290-1397", "ObjectType": "User"}, {"ObjectIdentifier": "S-1-5-21-4194615774-2175524697-3563712290-1252", "ObjectType": "User"}, {"ObjectIdentifier": "S-1-5-21-4194615774-2175524697-3563712290-1406", "ObjectType": "User"}, {"ObjectIdentifier": "S-1-5-21-4194615774-2175524697-3563712290-1170", "ObjectType": "User"}, {"ObjectIdentifier": "S-1-5-21-4194615774-2175524697-3563712290-1142", "ObjectType": "User"}, {"ObjectIdentifier": "S-1-5-21-4194615774-2175524697-3563712290-1284", "ObjectType": "User"}, {"ObjectIdentifier": "S-1-5-21-4194615774-2175524697-3563712290-1312", "ObjectType": "User"}, {"ObjectIdentifier": "S-1-5-21-4194615774-2175524697-3563712290-1181", "ObjectType": "User"}, {"ObjectIdentifier": "S-1-5-21-4194615774-2175524697-3563712290-1122", "ObjectType": "User"}, {"ObjectIdentifier": "S-1-5-21-4194615774-2175524697-3563712290-571", "ObjectType": "Group"}, {"ObjectIdentifier": "S-1-5-21-4194615774-2175524697-3563712290-1149", "ObjectType": "User"}, {"ObjectIdentifier": "S-1-5-21-4194615774-2175524697-3563712290-1137", "ObjectType": "User"}, {"ObjectIdentifier": "S-1-5-21-4194615774-2175524697-3563712290-1400", "ObjectType": "User"}, {"ObjectIdentifier": "S-1-5-21-4194615774-2175524697-3563712290-1401", "ObjectType": "User"}, {"ObjectIdentifier": "S-1-5-21-4194615774-2175524697-3563712290-1203", "ObjectType": "User"}, {"ObjectIdentifier": "S-1-5-21-4194615774-2175524697-3563712290-1389", "ObjectType": "User"}, {"ObjectIdentifier": "S-1-5-21-4194615774-2175524697-3563712290-1361", "ObjectType": "User"}, {"ObjectIdentifier": "S-1-5-21-4194615774-2175524697-3563712290-1234", "ObjectType": "User"}, {"ObjectIdentifier": "S-1-5-21-4194615774-2175524697-3563712290-1331", "ObjectType": "User"}, {"ObjectIdentifier": "S-1-5-21-4194615774-2175524697-3563712290-1328", "ObjectType": "User"}, {"ObjectIdentifier": "S-1-5-21-4194615774-2175524697-3563712290-1341", "ObjectType": "User"}, {"ObjectIdentifier": "S-1-5-21-4194615774-2175524697-3563712290-1281", "ObjectType": "User"}, {"ObjectIdentifier": "S-1-5-21-4194615774-2175524697-3563712290-500", "ObjectType": "User"}, {"ObjectIdentifier": "S-1-5-21-4194615774-2175524697-3563712290-1302", "ObjectType": "User"}, {"ObjectIdentifier": "S-1-5-21-4194615774-2175524697-3563712290-1287", "ObjectType": "User"}, {"ObjectIdentifier": "S-1-5-21-4194615774-2175524697-3563712290-1261", "ObjectType": "User"}, {"ObjectIdentifier": "S-1-5-21-4194615774-2175524697-3563712290-1300", "ObjectType": "User"}, {"ObjectIdentifier": "S-1-5-21-4194615774-2175524697-3563712290-1351", "ObjectType": "User"}, {"ObjectIdentifier": "S-1-5-21-4194615774-2175524697-3563712290-1207", "ObjectType": "User"}, {"ObjectIdentifier": "S-1-5-21-4194615774-2175524697-3563712290-1255", "ObjectType": "User"}, {"ObjectIdentifier": "S-1-5-21-4194615774-2175524697-3563712290-1220", "ObjectType": "User"}, {"ObjectIdentifier": "S-1-5-21-4194615774-2175524697-3563712290-1368", "ObjectType": "User"}, {"ObjectIdentifier": "S-1-5-21-4194615774-2175524697-3563712290-1294", "ObjectType": "User"}, {"ObjectIdentifier": "S-1-5-21-4194615774-2175524697-3563712290-1282", "ObjectType": "User"}, {"ObjectIdentifier": "S-1-5-21-4194615774-2175524697-3563712290-1317", "ObjectType": "User"}, {"ObjectIdentifier": "S-1-5-21-4194615774-2175524697-3563712290-1295", "ObjectType": "User"}, {"ObjectIdentifier": "S-1-5-21-4194615774-2175524697-3563712290-1196", "ObjectType": "User"}, {"ObjectIdentifier": "S-1-5-21-4194615774-2175524697-3563712290-1188", "ObjectType": "User"}, {"ObjectIdentifier": "S-1-5-21-4194615774-2175524697-3563712290-1299", "ObjectType": "User"}, {"ObjectIdentifier": "S-1-5-21-4194615774-2175524697-3563712290-1384", "ObjectType": "User"}, {"ObjectIdentifier": "S-1-5-21-4194615774-2175524697-3563712290-1398", "ObjectType": "User"}, {"ObjectIdentifier": "S-1-5-21-4194615774-2175524697-3563712290-1405", "ObjectType": "User"}, {"ObjectIdentifier": "S-1-5-21-4194615774-2175524697-3563712290-1173", "ObjectType": "User"}, {"ObjectIdentifier": "S-1-5-21-4194615774-2175524697-3563712290-1239", "ObjectType": "User"}, {"ObjectIdentifier": "S-1-5-21-4194615774-2175524697-3563712290-1109", "ObjectType": "User"}, {"ObjectIdentifier": "S-1-5-21-4194615774-2175524697-3563712290-1230", "ObjectType": "User"}, {"ObjectIdentifier": "S-1-5-21-4194615774-2175524697-3563712290-1263", "ObjectType": "User"}, {"ObjectIdentifier": "S-1-5-21-4194615774-2175524697-3563712290-1412", "ObjectType": "User"}, {"ObjectIdentifier": "S-1-5-21-4194615774-2175524697-3563712290-1167", "ObjectType": "User"}, {"ObjectIdentifier": "S-1-5-21-4194615774-2175524697-3563712290-1245", "ObjectType": "User"}, {"ObjectIdentifier": "S-1-5-21-4194615774-2175524697-3563712290-1323", "ObjectType": "User"}, {"ObjectIdentifier": "S-1-5-21-4194615774-2175524697-3563712290-1215", "ObjectType": "User"}, {"ObjectIdentifier": "S-1-5-21-4194615774-2175524697-3563712290-1189", "ObjectType": "User"}, {"ObjectIdentifier": "S-1-5-21-4194615774-2175524697-3563712290-1395", "ObjectType": "User"}, {"ObjectIdentifier": "S-1-5-21-4194615774-2175524697-3563712290-1121", "ObjectType": "User"}, {"ObjectIdentifier": "S-1-5-21-4194615774-2175524697-3563712290-1355", "ObjectType": "User"}, {"ObjectIdentifier": "S-1-5-21-4194615774-2175524697-3563712290-1379", "ObjectType": "User"}, {"ObjectIdentifier": "S-1-5-21-4194615774-2175524697-3563712290-1387", "ObjectType": "User"}, {"ObjectIdentifier": "S-1-5-21-4194615774-2175524697-3563712290-1235", "ObjectType": "User"}, {"ObjectIdentifier": "S-1-5-21-4194615774-2175524697-3563712290-1383", "ObjectType": "User"}, {"ObjectIdentifier": "S-1-5-21-4194615774-2175524697-3563712290-1213", "ObjectType": "User"}, {"ObjectIdentifier": "S-1-5-21-4194615774-2175524697-3563712290-1186", "ObjectType": "User"}, {"ObjectIdentifier": "S-1-5-21-4194615774-2175524697-3563712290-1198", "ObjectType": "User"}, {"ObjectIdentifier": "S-1-5-21-4194615774-2175524697-3563712290-1214", "ObjectType": "User"}, {"ObjectIdentifier": "S-1-5-21-4194615774-2175524697-3563712290-1314", "ObjectType": "User"}, {"ObjectIdentifier": "S-1-5-21-4194615774-2175524697-3563712290-1370", "ObjectType": "User"}, {"ObjectIdentifier": "S-1-5-21-4194615774-2175524697-3563712290-1309", "ObjectType": "User"}, {"ObjectIdentifier": "S-1-5-21-4194615774-2175524697-3563712290-1251", "ObjectType": "User"}, {"ObjectIdentifier": "S-1-5-21-4194615774-2175524697-3563712290-1345", "ObjectType": "User"}, {"ObjectIdentifier": "S-1-5-21-4194615774-2175524697-3563712290-1199", "ObjectType": "User"}, {"ObjectIdentifier": "S-1-5-21-4194615774-2175524697-3563712290-1298", "ObjectType": "User"}, {"ObjectIdentifier": "S-1-5-21-4194615774-2175524697-3563712290-1339", "ObjectType": "User"}, {"ObjectIdentifier": "S-1-5-21-4194615774-2175524697-3563712290-1342", "ObjectType": "User"}, {"ObjectIdentifier": "S-1-5-21-4194615774-2175524697-3563712290-1157", "ObjectType": "User"}, {"ObjectIdentifier": "S-1-5-21-4194615774-2175524697-3563712290-1274", "ObjectType": "User"}, {"ObjectIdentifier": "S-1-5-21-4194615774-2175524697-3563712290-1155", "ObjectType": "User"}, {"ObjectIdentifier": "S-1-5-21-4194615774-2175524697-3563712290-1156", "ObjectType": "User"}, {"ObjectIdentifier": "S-1-5-21-4194615774-2175524697-3563712290-1229", "ObjectType": "User"}, {"ObjectIdentifier": "S-1-5-21-4194615774-2175524697-3563712290-1146", "ObjectType": "User"}, {"ObjectIdentifier": "S-1-5-21-4194615774-2175524697-3563712290-1372", "ObjectType": "User"}, {"ObjectIdentifier": "S-1-5-21-4194615774-2175524697-3563712290-1413", "ObjectType": "User"}, {"ObjectIdentifier": "S-1-5-21-4194615774-2175524697-3563712290-1169", "ObjectType": "User"}, {"ObjectIdentifier": "S-1-5-21-4194615774-2175524697-3563712290-1396", "ObjectType": "User"}, {"ObjectIdentifier": "S-1-5-21-4194615774-2175524697-3563712290-1104", "ObjectType": "User"}, {"ObjectIdentifier": "S-1-5-21-4194615774-2175524697-3563712290-1290", "ObjectType": "User"}, {"ObjectIdentifier": "S-1-5-21-4194615774-2175524697-3563712290-1159", "ObjectType": "User"}, {"ObjectIdentifier": "S-1-5-21-4194615774-2175524697-3563712290-1407", "ObjectType": "User"}, {"ObjectIdentifier": "S-1-5-21-4194615774-2175524697-3563712290-1376", "ObjectType": "User"}, {"ObjectIdentifier": "S-1-5-21-4194615774-2175524697-3563712290-1191", "ObjectType": "User"}, {"ObjectIdentifier": "S-1-5-21-4194615774-2175524697-3563712290-1369", "ObjectType": "User"}, {"ObjectIdentifier": "S-1-5-21-4194615774-2175524697-3563712290-1126", "ObjectType": "User"}, {"ObjectIdentifier": "S-1-5-21-4194615774-2175524697-3563712290-1318", "ObjectType": "User"}, {"ObjectIdentifier": "S-1-5-21-4194615774-2175524697-3563712290-1319", "ObjectType": "User"}, {"ObjectIdentifier": "S-1-5-21-4194615774-2175524697-3563712290-1138", "ObjectType": "User"}, {"ObjectIdentifier": "S-1-5-21-4194615774-2175524697-3563712290-1382", "ObjectType": "User"}, {"ObjectIdentifier": "S-1-5-21-4194615774-2175524697-3563712290-1174", "ObjectType": "User"}, {"ObjectIdentifier": "S-1-5-21-4194615774-2175524697-3563712290-1373", "ObjectType": "User"}, {"ObjectIdentifier": "S-1-5-21-4194615774-2175524697-3563712290-1272", "ObjectType": "User"}, {"ObjectIdentifier": "S-1-5-21-4194615774-2175524697-3563712290-1392", "ObjectType": "User"}, {"ObjectIdentifier": "S-1-5-21-4194615774-2175524697-3563712290-1283", "ObjectType": "User"}, {"ObjectIdentifier": "S-1-5-21-4194615774-2175524697-3563712290-1127", "ObjectType": "User"}, {"ObjectIdentifier": "S-1-5-21-4194615774-2175524697-3563712290-1183", "ObjectType": "User"}, {"ObjectIdentifier": "S-1-5-21-4194615774-2175524697-3563712290-1115", "ObjectType": "User"}, {"ObjectIdentifier": "S-1-5-21-4194615774-2175524697-3563712290-518", "ObjectType": "Group"}, {"ObjectIdentifier": "S-1-5-21-4194615774-2175524697-3563712290-1111", "ObjectType": "User"}, {"ObjectIdentifier": "S-1-5-21-4194615774-2175524697-3563712290-1136", "ObjectType": "User"}, {"ObjectIdentifier": "S-1-5-21-4194615774-2175524697-3563712290-1172", "ObjectType": "User"}, {"ObjectIdentifier": "S-1-5-21-4194615774-2175524697-3563712290-1267", "ObjectType": "User"}, {"ObjectIdentifier": "S-1-5-21-4194615774-2175524697-3563712290-1226", "ObjectType": "User"}, {"ObjectIdentifier": "S-1-5-21-4194615774-2175524697-3563712290-1131", "ObjectType": "User"}, {"ObjectIdentifier": "S-1-5-21-4194615774-2175524697-3563712290-1320", "ObjectType": "User"}, {"ObjectIdentifier": "S-1-5-21-4194615774-2175524697-3563712290-1276", "ObjectType": "User"}, {"ObjectIdentifier": "S-1-5-21-4194615774-2175524697-3563712290-1147", "ObjectType": "User"}, {"ObjectIdentifier": "S-1-5-21-4194615774-2175524697-3563712290-1266", "ObjectType": "User"}, {"ObjectIdentifier": "S-1-5-21-4194615774-2175524697-3563712290-1223", "ObjectType": "User"}, {"ObjectIdentifier": "S-1-5-21-4194615774-2175524697-3563712290-1269", "ObjectType": "User"}, {"ObjectIdentifier": "S-1-5-21-4194615774-2175524697-3563712290-1305", "ObjectType": "User"}, {"ObjectIdentifier": "S-1-5-21-4194615774-2175524697-3563712290-521", "ObjectType": "Group"}, {"ObjectIdentifier": "S-1-5-21-4194615774-2175524697-3563712290-553", "ObjectType": "Group"}, {"ObjectIdentifier": "S-1-5-21-4194615774-2175524697-3563712290-1209", "ObjectType": "User"}, {"ObjectIdentifier": "S-1-5-21-4194615774-2175524697-3563712290-1151", "ObjectType": "User"}, {"ObjectIdentifier": "S-1-5-21-4194615774-2175524697-3563712290-1192", "ObjectType": "User"}, {"ObjectIdentifier": "S-1-5-21-4194615774-2175524697-3563712290-1367", "ObjectType": "User"}, {"ObjectIdentifier": "S-1-5-21-4194615774-2175524697-3563712290-1148", "ObjectType": "User"}, {"ObjectIdentifier": "S-1-5-21-4194615774-2175524697-3563712290-525", "ObjectType": "Group"}, {"ObjectIdentifier": "S-1-5-21-4194615774-2175524697-3563712290-1322", "ObjectType": "User"}, {"ObjectIdentifier": "S-1-5-21-4194615774-2175524697-3563712290-1313", "ObjectType": "User"}, {"ObjectIdentifier": "S-1-5-21-4194615774-2175524697-3563712290-1333", "ObjectType": "User"}, {"ObjectIdentifier": "S-1-5-21-4194615774-2175524697-3563712290-1216", "ObjectType": "User"}, {"ObjectIdentifier": "S-1-5-21-4194615774-2175524697-3563712290-1260", "ObjectType": "User"}, {"ObjectIdentifier": "S-1-5-21-4194615774-2175524697-3563712290-1165", "ObjectType": "User"}, {"ObjectIdentifier": "S-1-5-21-4194615774-2175524697-3563712290-1123", "ObjectType": "User"}, {"ObjectIdentifier": "S-1-5-21-4194615774-2175524697-3563712290-1134", "ObjectType": "User"}, {"ObjectIdentifier": "S-1-5-21-4194615774-2175524697-3563712290-1128", "ObjectType": "User"}, {"ObjectIdentifier": "S-1-5-21-4194615774-2175524697-3563712290-1363", "ObjectType": "User"}, {"ObjectIdentifier": "S-1-5-21-4194615774-2175524697-3563712290-1144", "ObjectType": "User"}, {"ObjectIdentifier": "S-1-5-21-4194615774-2175524697-3563712290-1334", "ObjectType": "User"}, {"ObjectIdentifier": "S-1-5-21-4194615774-2175524697-3563712290-1325", "ObjectType": "User"}, {"ObjectIdentifier": "S-1-5-21-4194615774-2175524697-3563712290-1135", "ObjectType": "User"}, {"ObjectIdentifier": "S-1-5-21-4194615774-2175524697-3563712290-1163", "ObjectType": "User"}, {"ObjectIdentifier": "S-1-5-21-4194615774-2175524697-3563712290-1391", "ObjectType": "User"}, {"ObjectIdentifier": "S-1-5-21-4194615774-2175524697-3563712290-1179", "ObjectType": "User"}, {"ObjectIdentifier": "S-1-5-21-4194615774-2175524697-3563712290-1110", "ObjectType": "User"}, {"ObjectIdentifier": "S-1-5-21-4194615774-2175524697-3563712290-1410", "ObjectType": "User"}, {"ObjectIdentifier": "S-1-5-21-4194615774-2175524697-3563712290-1105", "ObjectType": "User"}, {"ObjectIdentifier": "S-1-5-21-4194615774-2175524697-3563712290-1193", "ObjectType": "User"}, {"ObjectIdentifier": "S-1-5-21-4194615774-2175524697-3563712290-1256", "ObjectType": "User"}, {"ObjectIdentifier": "S-1-5-21-4194615774-2175524697-3563712290-1185", "ObjectType": "User"}, {"ObjectIdentifier": "S-1-5-21-4194615774-2175524697-3563712290-1236", "ObjectType": "User"}, {"ObjectIdentifier": "S-1-5-21-4194615774-2175524697-3563712290-1249", "ObjectType": "User"}, {"ObjectIdentifier": "S-1-5-21-4194615774-2175524697-3563712290-1125", "ObjectType": "User"}, {"ObjectIdentifier": "S-1-5-21-4194615774-2175524697-3563712290-1349", "ObjectType": "User"}, {"ObjectIdentifier": "S-1-5-21-4194615774-2175524697-3563712290-1202", "ObjectType": "User"}, {"ObjectIdentifier": "S-1-5-21-4194615774-2175524697-3563712290-1237", "ObjectType": "User"}, {"ObjectIdentifier": "S-1-5-21-4194615774-2175524697-3563712290-1208", "ObjectType": "User"}, {"ObjectIdentifier": "S-1-5-21-4194615774-2175524697-3563712290-1219", "ObjectType": "User"}, {"ObjectIdentifier": "S-1-5-21-4194615774-2175524697-3563712290-1254", "ObjectType": "User"}, {"ObjectIdentifier": "S-1-5-21-4194615774-2175524697-3563712290-1343", "ObjectType": "User"}, {"ObjectIdentifier": "S-1-5-21-4194615774-2175524697-3563712290-1264", "ObjectType": "User"}, {"ObjectIdentifier": "S-1-5-21-4194615774-2175524697-3563712290-1315", "ObjectType": "User"}, {"ObjectIdentifier": "S-1-5-21-4194615774-2175524697-3563712290-1262", "ObjectType": "User"}, {"ObjectIdentifier": "S-1-5-21-4194615774-2175524697-3563712290-1106", "ObjectType": "User"}, {"ObjectIdentifier": "S-1-5-21-4194615774-2175524697-3563712290-1346", "ObjectType": "User"}, {"ObjectIdentifier": "S-1-5-21-4194615774-2175524697-3563712290-1171", "ObjectType": "User"}]}],"meta":{"methods":0,"type":"containers","count":19, "version":5}}