{"data":[{"ObjectIdentifier": "E0A58FA9-4129-4D0D-9DFC-FCC18F5AC9C6", "Properties": {"domain": "BLACKFIELD.LOCAL", "name": "DEFAULT DOMAIN CONTROLLERS POLICY@BLACKFIELD.LOCAL", "distinguishedname": "CN={6AC1786C-016F-11D2-945F-00C04FB984F9},CN=POLICIES,CN=SYSTEM,DC=BLACKFIELD,DC=LOCAL", "domainsid": "S-1-5-21-4194615774-2175524697-3563712290", "highvalue": false, "gpcpath": "\\\\BLACKFIELD.LOCAL\\SYSVOL\\BLACKFIELD.LOCAL\\POLICIES\\{6AC1786C-016F-11D2-945F-00C04FB984F9}", "description": "", "whencreated": 1582456393}, "IsDeleted": false, "IsACLProtected": true, "Aces": [{"RightName": "Owns", "IsInherited": false, "PrincipalSID": "S-1-5-21-4194615774-2175524697-3563712290-512", "PrincipalType": "Group"}, {"RightName": "GenericWrite", "IsInherited": false, "PrincipalSID": "S-1-5-21-4194615774-2175524697-3563712290-512", "PrincipalType": "Group"}, {"RightName": "WriteOwner", "IsInherited": false, "PrincipalSID": "S-1-5-21-4194615774-2175524697-3563712290-512", "PrincipalType": "Group"}, {"RightName": "WriteDacl", "IsInherited": false, "PrincipalSID": "S-1-5-21-4194615774-2175524697-3563712290-512", "PrincipalType": "Group"}, {"RightName": "GenericWrite", "IsInherited": false, "PrincipalSID": "S-1-5-21-4194615774-2175524697-3563712290-519", "PrincipalType": "Group"}, {"RightName": "WriteOwner", "IsInherited": false, "PrincipalSID": "S-1-5-21-4194615774-2175524697-3563712290-519", "PrincipalType": "Group"}, {"RightName": "WriteDacl", "IsInherited": false, "PrincipalSID": "S-1-5-21-4194615774-2175524697-3563712290-519", "PrincipalType": "Group"}, {"RightName": "GenericWrite", "IsInherited": false, "PrincipalSID": "S-1-5-21-4194615774-2175524697-3563712290-512", "PrincipalType": "Group"}, {"RightName": "WriteOwner", "IsInherited": false, "PrincipalSID": "S-1-5-21-4194615774-2175524697-3563712290-512", "PrincipalType": "Group"}, {"RightName": "WriteDacl", "IsInherited": false, "PrincipalSID": "S-1-5-21-4194615774-2175524697-3563712290-512", "PrincipalType": "Group"}]},{"ObjectIdentifier": "1A81DEFB-BBBD-488B-8A35-17FA4F6D6264", "Properties": {"domain": "BLACKFIELD.LOCAL", "name": "DEFAULT DOMAIN POLICY@BLACKFIELD.LOCAL", "distinguishedname": "CN={31B2F340-016D-11D2-945F-00C04FB984F9},CN=POLICIES,CN=SYSTEM,DC=BLACKFIELD,DC=LOCAL", "domainsid": "S-1-5-21-4194615774-2175524697-3563712290", "highvalue": false, "gpcpath": "\\\\BLACKFIELD.LOCAL\\SYSVOL\\BLACKFIELD.LOCAL\\POLICIES\\{31B2F340-016D-11D2-945F-00C04FB984F9}", "description": "", "whencreated": 1582456393}, "IsDeleted": false, "IsACLProtected": true, "Aces": [{"RightName": "Owns", "IsInherited": false, "PrincipalSID": "S-1-5-21-4194615774-2175524697-3563712290-512", "PrincipalType": "Group"}, {"RightName": "GenericWrite", "IsInherited": false, "PrincipalSID": "S-1-5-21-4194615774-2175524697-3563712290-512", "PrincipalType": "Group"}, {"RightName": "WriteOwner", "IsInherited": false, "PrincipalSID": "S-1-5-21-4194615774-2175524697-3563712290-512", "PrincipalType": "Group"}, {"RightName": "WriteDacl", "IsInherited": false, "PrincipalSID": "S-1-5-21-4194615774-2175524697-3563712290-512", "PrincipalType": "Group"}, {"RightName": "GenericWrite", "IsInherited": false, "PrincipalSID": "S-1-5-21-4194615774-2175524697-3563712290-519", "PrincipalType": "Group"}, {"RightName": "WriteOwner", "IsInherited": false, "PrincipalSID": "S-1-5-21-4194615774-2175524697-3563712290-519", "PrincipalType": "Group"}, {"RightName": "WriteDacl", "IsInherited": false, "PrincipalSID": "S-1-5-21-4194615774-2175524697-3563712290-519", "PrincipalType": "Group"}, {"RightName": "GenericWrite", "IsInherited": false, "PrincipalSID": "S-1-5-21-4194615774-2175524697-3563712290-512", "PrincipalType": "Group"}, {"RightName": "WriteOwner", "IsInherited": false, "PrincipalSID": "S-1-5-21-4194615774-2175524697-3563712290-512", "PrincipalType": "Group"}, {"RightName": "WriteDacl", "IsInherited": false, "PrincipalSID": "S-1-5-21-4194615774-2175524697-3563712290-512", "PrincipalType": "Group"}]}],"meta":{"methods":0,"type":"gpos","count":2, "version":5}}