{"data":[{"ObjectIdentifier": "S-1-5-21-4194615774-2175524697-3563712290-1431", "AllowedToAct": [], "PrimaryGroupSID": "S-1-5-21-4194615774-2175524697-3563712290-515", "LocalAdmins": {"Collected": false, "FailureReason": null, "Results": []}, "PSRemoteUsers": {"Collected": false, "FailureReason": null, "Results": []}, "Properties": {"name": "SRV-INTRANET.BLACKFIELD.LOCAL", "domainsid": "S-1-5-21-4194615774-2175524697-3563712290", "domain": "BLACKFIELD.LOCAL", "distinguishedname": "CN=SRV-INTRANET,CN=COMPUTERS,DC=BLACKFIELD,DC=LOCAL", "unconstraineddelegation": false, "enabled": true, "trustedtoauth": false, "samaccountname": "SRV-INTRANET$", "haslaps": false, "lastlogon": 0, "lastlogontimestamp": -1, "pwdlastset": 1582935933, "whencreated": 1582935933, "serviceprincipalnames": [], "description": null, "operatingsystem": null, "sidhistory": []}, "RemoteDesktopUsers": {"Collected": false, "FailureReason": null, "Results": []}, "DcomUsers": {"Collected": false, "FailureReason": null, "Results": []}, "AllowedToDelegate": [], "Sessions": {"Collected": false, "FailureReason": null, "Results": []}, "PrivilegedSessions": {"Collected": false, "FailureReason": null, "Results": []}, "RegistrySessions": {"Collected": false, "FailureReason": null, "Results": []}, "Aces": [{"RightName": "Owns", "IsInherited": false, "PrincipalSID": "S-1-5-21-4194615774-2175524697-3563712290-512", "PrincipalType": "Group"}, {"RightName": "GenericAll", "IsInherited": false, "PrincipalSID": "S-1-5-21-4194615774-2175524697-3563712290-512", "PrincipalType": "Group"}, {"RightName": "GenericAll", "IsInherited": false, "PrincipalSID": "BLACKFIELD.LOCAL-S-1-5-32-548", "PrincipalType": "Group"}, {"RightName": "AddKeyCredentialLink", "IsInherited": true, "PrincipalSID": "S-1-5-21-4194615774-2175524697-3563712290-526", "PrincipalType": "Group"}, {"RightName": "AddKeyCredentialLink", "IsInherited": true, "PrincipalSID": "S-1-5-21-4194615774-2175524697-3563712290-527", "PrincipalType": "Group"}, {"RightName": "GenericAll", "IsInherited": true, "PrincipalSID": "S-1-5-21-4194615774-2175524697-3563712290-519", "PrincipalType": "Group"}, {"RightName": "GenericWrite", "IsInherited": true, "PrincipalSID": "BLACKFIELD.LOCAL-S-1-5-32-544", "PrincipalType": "Group"}, {"RightName": "WriteOwner", "IsInherited": true, "PrincipalSID": "BLACKFIELD.LOCAL-S-1-5-32-544", "PrincipalType": "Group"}, {"RightName": "WriteDacl", "IsInherited": true, "PrincipalSID": "BLACKFIELD.LOCAL-S-1-5-32-544", "PrincipalType": "Group"}], "HasSIDHistory": [], "IsDeleted": false, "Status": null, "IsACLProtected": false},{"ObjectIdentifier": "S-1-5-21-4194615774-2175524697-3563712290-1429", "AllowedToAct": [], "PrimaryGroupSID": "S-1-5-21-4194615774-2175524697-3563712290-515", "LocalAdmins": {"Collected": false, "FailureReason": null, "Results": []}, "PSRemoteUsers": {"Collected": false, "FailureReason": null, "Results": []}, "Properties": {"name": "SRV-FILE.BLACKFIELD.LOCAL", "domainsid": "S-1-5-21-4194615774-2175524697-3563712290", "domain": "BLACKFIELD.LOCAL", "distinguishedname": "CN=SRV-FILE,CN=COMPUTERS,DC=BLACKFIELD,DC=LOCAL", "unconstraineddelegation": false, "enabled": true, "trustedtoauth": false, "samaccountname": "SRV-FILE$", "haslaps": false, "lastlogon": 0, "lastlogontimestamp": -1, "pwdlastset": 1582935910, "whencreated": 1582935910, "serviceprincipalnames": [], "description": null, "operatingsystem": null, "sidhistory": []}, "RemoteDesktopUsers": {"Collected": false, "FailureReason": null, "Results": []}, "DcomUsers": {"Collected": false, "FailureReason": null, "Results": []}, "AllowedToDelegate": [], "Sessions": {"Collected": false, "FailureReason": null, "Results": []}, "PrivilegedSessions": {"Collected": false, "FailureReason": null, "Results": []}, "RegistrySessions": {"Collected": false, "FailureReason": null, "Results": []}, "Aces": [{"RightName": "Owns", "IsInherited": false, "PrincipalSID": "S-1-5-21-4194615774-2175524697-3563712290-512", "PrincipalType": "Group"}, {"RightName": "GenericAll", "IsInherited": false, "PrincipalSID": "S-1-5-21-4194615774-2175524697-3563712290-512", "PrincipalType": "Group"}, {"RightName": "GenericAll", "IsInherited": false, "PrincipalSID": "BLACKFIELD.LOCAL-S-1-5-32-548", "PrincipalType": "Group"}, {"RightName": "AddKeyCredentialLink", "IsInherited": true, "PrincipalSID": "S-1-5-21-4194615774-2175524697-3563712290-526", "PrincipalType": "Group"}, {"RightName": "AddKeyCredentialLink", "IsInherited": true, "PrincipalSID": "S-1-5-21-4194615774-2175524697-3563712290-527", "PrincipalType": "Group"}, {"RightName": "GenericAll", "IsInherited": true, "PrincipalSID": "S-1-5-21-4194615774-2175524697-3563712290-519", "PrincipalType": "Group"}, {"RightName": "GenericWrite", "IsInherited": true, "PrincipalSID": "BLACKFIELD.LOCAL-S-1-5-32-544", "PrincipalType": "Group"}, {"RightName": "WriteOwner", "IsInherited": true, "PrincipalSID": "BLACKFIELD.LOCAL-S-1-5-32-544", "PrincipalType": "Group"}, {"RightName": "WriteDacl", "IsInherited": true, "PrincipalSID": "BLACKFIELD.LOCAL-S-1-5-32-544", "PrincipalType": "Group"}], "HasSIDHistory": [], "IsDeleted": false, "Status": null, "IsACLProtected": false},{"ObjectIdentifier": "S-1-5-21-4194615774-2175524697-3563712290-1430", "AllowedToAct": [], "PrimaryGroupSID": "S-1-5-21-4194615774-2175524697-3563712290-515", "LocalAdmins": {"Collected": false, "FailureReason": null, "Results": []}, "PSRemoteUsers": {"Collected": false, "FailureReason": null, "Results": []}, "Properties": {"name": "SRV-EXCHANGE.BLACKFIELD.LOCAL", "domainsid": "S-1-5-21-4194615774-2175524697-3563712290", "domain": "BLACKFIELD.LOCAL", "distinguishedname": "CN=SRV-EXCHANGE,CN=COMPUTERS,DC=BLACKFIELD,DC=LOCAL", "unconstraineddelegation": false, "enabled": true, "trustedtoauth": false, "samaccountname": "SRV-EXCHANGE$", "haslaps": false, "lastlogon": 0, "lastlogontimestamp": -1, "pwdlastset": 1582935920, "whencreated": 1582935920, "serviceprincipalnames": [], "description": null, "operatingsystem": null, "sidhistory": []}, "RemoteDesktopUsers": {"Collected": false, "FailureReason": null, "Results": []}, "DcomUsers": {"Collected": false, "FailureReason": null, "Results": []}, "AllowedToDelegate": [], "Sessions": {"Collected": false, "FailureReason": null, "Results": []}, "PrivilegedSessions": {"Collected": false, "FailureReason": null, "Results": []}, "RegistrySessions": {"Collected": false, "FailureReason": null, "Results": []}, "Aces": [{"RightName": "Owns", "IsInherited": false, "PrincipalSID": "S-1-5-21-4194615774-2175524697-3563712290-512", "PrincipalType": "Group"}, {"RightName": "GenericAll", "IsInherited": false, "PrincipalSID": "S-1-5-21-4194615774-2175524697-3563712290-512", "PrincipalType": "Group"}, {"RightName": "GenericAll", "IsInherited": false, "PrincipalSID": "BLACKFIELD.LOCAL-S-1-5-32-548", "PrincipalType": "Group"}, {"RightName": "AddKeyCredentialLink", "IsInherited": true, "PrincipalSID": "S-1-5-21-4194615774-2175524697-3563712290-526", "PrincipalType": "Group"}, {"RightName": "AddKeyCredentialLink", "IsInherited": true, "PrincipalSID": "S-1-5-21-4194615774-2175524697-3563712290-527", "PrincipalType": "Group"}, {"RightName": "GenericAll", "IsInherited": true, "PrincipalSID": "S-1-5-21-4194615774-2175524697-3563712290-519", "PrincipalType": "Group"}, {"RightName": "GenericWrite", "IsInherited": true, "PrincipalSID": "BLACKFIELD.LOCAL-S-1-5-32-544", "PrincipalType": "Group"}, {"RightName": "WriteOwner", "IsInherited": true, "PrincipalSID": "BLACKFIELD.LOCAL-S-1-5-32-544", "PrincipalType": "Group"}, {"RightName": "WriteDacl", "IsInherited": true, "PrincipalSID": "BLACKFIELD.LOCAL-S-1-5-32-544", "PrincipalType": "Group"}], "HasSIDHistory": [], "IsDeleted": false, "Status": null, "IsACLProtected": false},{"ObjectIdentifier": "S-1-5-21-4194615774-2175524697-3563712290-1428", "AllowedToAct": [], "PrimaryGroupSID": "S-1-5-21-4194615774-2175524697-3563712290-515", "LocalAdmins": {"Collected": false, "FailureReason": null, "Results": []}, "PSRemoteUsers": {"Collected": false, "FailureReason": null, "Results": []}, "Properties": {"name": "SRV-WEB.BLACKFIELD.LOCAL", "domainsid": "S-1-5-21-4194615774-2175524697-3563712290", "domain": "BLACKFIELD.LOCAL", "distinguishedname": "CN=SRV-WEB,CN=COMPUTERS,DC=BLACKFIELD,DC=LOCAL", "unconstraineddelegation": false, "enabled": true, "trustedtoauth": false, "samaccountname": "SRV-WEB$", "haslaps": false, "lastlogon": 0, "lastlogontimestamp": -1, "pwdlastset": 1582935902, "whencreated": 1582935902, "serviceprincipalnames": [], "description": null, "operatingsystem": null, "sidhistory": []}, "RemoteDesktopUsers": {"Collected": false, "FailureReason": null, "Results": []}, "DcomUsers": {"Collected": false, "FailureReason": null, "Results": []}, "AllowedToDelegate": [], "Sessions": {"Collected": false, "FailureReason": null, "Results": []}, "PrivilegedSessions": {"Collected": false, "FailureReason": null, "Results": []}, "RegistrySessions": {"Collected": false, "FailureReason": null, "Results": []}, "Aces": [{"RightName": "Owns", "IsInherited": false, "PrincipalSID": "S-1-5-21-4194615774-2175524697-3563712290-512", "PrincipalType": "Group"}, {"RightName": "GenericAll", "IsInherited": false, "PrincipalSID": "S-1-5-21-4194615774-2175524697-3563712290-512", "PrincipalType": "Group"}, {"RightName": "GenericAll", "IsInherited": false, "PrincipalSID": "BLACKFIELD.LOCAL-S-1-5-32-548", "PrincipalType": "Group"}, {"RightName": "AddKeyCredentialLink", "IsInherited": true, "PrincipalSID": "S-1-5-21-4194615774-2175524697-3563712290-526", "PrincipalType": "Group"}, {"RightName": "AddKeyCredentialLink", "IsInherited": true, "PrincipalSID": "S-1-5-21-4194615774-2175524697-3563712290-527", "PrincipalType": "Group"}, {"RightName": "GenericAll", "IsInherited": true, "PrincipalSID": "S-1-5-21-4194615774-2175524697-3563712290-519", "PrincipalType": "Group"}, {"RightName": "GenericWrite", "IsInherited": true, "PrincipalSID": "BLACKFIELD.LOCAL-S-1-5-32-544", "PrincipalType": "Group"}, {"RightName": "WriteOwner", "IsInherited": true, "PrincipalSID": "BLACKFIELD.LOCAL-S-1-5-32-544", "PrincipalType": "Group"}, {"RightName": "WriteDacl", "IsInherited": true, "PrincipalSID": "BLACKFIELD.LOCAL-S-1-5-32-544", "PrincipalType": "Group"}], "HasSIDHistory": [], "IsDeleted": false, "Status": null, "IsACLProtected": false},{"ObjectIdentifier": "S-1-5-21-4194615774-2175524697-3563712290-1427", "AllowedToAct": [], "PrimaryGroupSID": "S-1-5-21-4194615774-2175524697-3563712290-515", "LocalAdmins": {"Collected": false, "FailureReason": null, "Results": []}, "PSRemoteUsers": {"Collected": false, "FailureReason": null, "Results": []}, "Properties": {"name": "PC13.BLACKFIELD.LOCAL", "domainsid": "S-1-5-21-4194615774-2175524697-3563712290", "domain": "BLACKFIELD.LOCAL", "distinguishedname": "CN=PC13,CN=COMPUTERS,DC=BLACKFIELD,DC=LOCAL", "unconstraineddelegation": false, "enabled": true, "trustedtoauth": false, "samaccountname": "PC13$", "haslaps": false, "lastlogon": 0, "lastlogontimestamp": -1, "pwdlastset": 1582935892, "whencreated": 1582935892, "serviceprincipalnames": [], "description": null, "operatingsystem": null, "sidhistory": []}, "RemoteDesktopUsers": {"Collected": false, "FailureReason": null, "Results": []}, "DcomUsers": {"Collected": false, "FailureReason": null, "Results": []}, "AllowedToDelegate": [], "Sessions": {"Collected": false, "FailureReason": null, "Results": []}, "PrivilegedSessions": {"Collected": false, "FailureReason": null, "Results": []}, "RegistrySessions": {"Collected": false, "FailureReason": null, "Results": []}, "Aces": [{"RightName": "Owns", "IsInherited": false, "PrincipalSID": "S-1-5-21-4194615774-2175524697-3563712290-512", "PrincipalType": "Group"}, {"RightName": "GenericAll", "IsInherited": false, "PrincipalSID": "S-1-5-21-4194615774-2175524697-3563712290-512", "PrincipalType": "Group"}, {"RightName": "GenericAll", "IsInherited": false, "PrincipalSID": "BLACKFIELD.LOCAL-S-1-5-32-548", "PrincipalType": "Group"}, {"RightName": "AddKeyCredentialLink", "IsInherited": true, "PrincipalSID": "S-1-5-21-4194615774-2175524697-3563712290-526", "PrincipalType": "Group"}, {"RightName": "AddKeyCredentialLink", "IsInherited": true, "PrincipalSID": "S-1-5-21-4194615774-2175524697-3563712290-527", "PrincipalType": "Group"}, {"RightName": "GenericAll", "IsInherited": true, "PrincipalSID": "S-1-5-21-4194615774-2175524697-3563712290-519", "PrincipalType": "Group"}, {"RightName": "GenericWrite", "IsInherited": true, "PrincipalSID": "BLACKFIELD.LOCAL-S-1-5-32-544", "PrincipalType": "Group"}, {"RightName": "WriteOwner", "IsInherited": true, "PrincipalSID": "BLACKFIELD.LOCAL-S-1-5-32-544", "PrincipalType": "Group"}, {"RightName": "WriteDacl", "IsInherited": true, "PrincipalSID": "BLACKFIELD.LOCAL-S-1-5-32-544", "PrincipalType": "Group"}], "HasSIDHistory": [], "IsDeleted": false, "Status": null, "IsACLProtected": false},{"ObjectIdentifier": "S-1-5-21-4194615774-2175524697-3563712290-1426", "AllowedToAct": [], "PrimaryGroupSID": "S-1-5-21-4194615774-2175524697-3563712290-515", "LocalAdmins": {"Collected": false, "FailureReason": null, "Results": []}, "PSRemoteUsers": {"Collected": false, "FailureReason": null, "Results": []}, "Properties": {"name": "PC12.BLACKFIELD.LOCAL", "domainsid": "S-1-5-21-4194615774-2175524697-3563712290", "domain": "BLACKFIELD.LOCAL", "distinguishedname": "CN=PC12,CN=COMPUTERS,DC=BLACKFIELD,DC=LOCAL", "unconstraineddelegation": false, "enabled": true, "trustedtoauth": false, "samaccountname": "PC12$", "haslaps": false, "lastlogon": 0, "lastlogontimestamp": -1, "pwdlastset": 1582935886, "whencreated": 1582935886, "serviceprincipalnames": [], "description": null, "operatingsystem": null, "sidhistory": []}, "RemoteDesktopUsers": {"Collected": false, "FailureReason": null, "Results": []}, "DcomUsers": {"Collected": false, "FailureReason": null, "Results": []}, "AllowedToDelegate": [], "Sessions": {"Collected": false, "FailureReason": null, "Results": []}, "PrivilegedSessions": {"Collected": false, "FailureReason": null, "Results": []}, "RegistrySessions": {"Collected": false, "FailureReason": null, "Results": []}, "Aces": [{"RightName": "Owns", "IsInherited": false, "PrincipalSID": "S-1-5-21-4194615774-2175524697-3563712290-512", "PrincipalType": "Group"}, {"RightName": "GenericAll", "IsInherited": false, "PrincipalSID": "S-1-5-21-4194615774-2175524697-3563712290-512", "PrincipalType": "Group"}, {"RightName": "GenericAll", "IsInherited": false, "PrincipalSID": "BLACKFIELD.LOCAL-S-1-5-32-548", "PrincipalType": "Group"}, {"RightName": "AddKeyCredentialLink", "IsInherited": true, "PrincipalSID": "S-1-5-21-4194615774-2175524697-3563712290-526", "PrincipalType": "Group"}, {"RightName": "AddKeyCredentialLink", "IsInherited": true, "PrincipalSID": "S-1-5-21-4194615774-2175524697-3563712290-527", "PrincipalType": "Group"}, {"RightName": "GenericAll", "IsInherited": true, "PrincipalSID": "S-1-5-21-4194615774-2175524697-3563712290-519", "PrincipalType": "Group"}, {"RightName": "GenericWrite", "IsInherited": true, "PrincipalSID": "BLACKFIELD.LOCAL-S-1-5-32-544", "PrincipalType": "Group"}, {"RightName": "WriteOwner", "IsInherited": true, "PrincipalSID": "BLACKFIELD.LOCAL-S-1-5-32-544", "PrincipalType": "Group"}, {"RightName": "WriteDacl", "IsInherited": true, "PrincipalSID": "BLACKFIELD.LOCAL-S-1-5-32-544", "PrincipalType": "Group"}], "HasSIDHistory": [], "IsDeleted": false, "Status": null, "IsACLProtected": false},{"ObjectIdentifier": "S-1-5-21-4194615774-2175524697-3563712290-1425", "AllowedToAct": [], "PrimaryGroupSID": "S-1-5-21-4194615774-2175524697-3563712290-515", "LocalAdmins": {"Collected": false, "FailureReason": null, "Results": []}, "PSRemoteUsers": {"Collected": false, "FailureReason": null, "Results": []}, "Properties": {"name": "PC11.BLACKFIELD.LOCAL", "domainsid": "S-1-5-21-4194615774-2175524697-3563712290", "domain": "BLACKFIELD.LOCAL", "distinguishedname": "CN=PC11,CN=COMPUTERS,DC=BLACKFIELD,DC=LOCAL", "unconstraineddelegation": false, "enabled": true, "trustedtoauth": false, "samaccountname": "PC11$", "haslaps": false, "lastlogon": 0, "lastlogontimestamp": -1, "pwdlastset": 1582935881, "whencreated": 1582935881, "serviceprincipalnames": [], "description": null, "operatingsystem": null, "sidhistory": []}, "RemoteDesktopUsers": {"Collected": false, "FailureReason": null, "Results": []}, "DcomUsers": {"Collected": false, "FailureReason": null, "Results": []}, "AllowedToDelegate": [], "Sessions": {"Collected": false, "FailureReason": null, "Results": []}, "PrivilegedSessions": {"Collected": false, "FailureReason": null, "Results": []}, "RegistrySessions": {"Collected": false, "FailureReason": null, "Results": []}, "Aces": [{"RightName": "Owns", "IsInherited": false, "PrincipalSID": "S-1-5-21-4194615774-2175524697-3563712290-512", "PrincipalType": "Group"}, {"RightName": "GenericAll", "IsInherited": false, "PrincipalSID": "S-1-5-21-4194615774-2175524697-3563712290-512", "PrincipalType": "Group"}, {"RightName": "GenericAll", "IsInherited": false, "PrincipalSID": "BLACKFIELD.LOCAL-S-1-5-32-548", "PrincipalType": "Group"}, {"RightName": "AddKeyCredentialLink", "IsInherited": true, "PrincipalSID": "S-1-5-21-4194615774-2175524697-3563712290-526", "PrincipalType": "Group"}, {"RightName": "AddKeyCredentialLink", "IsInherited": true, "PrincipalSID": "S-1-5-21-4194615774-2175524697-3563712290-527", "PrincipalType": "Group"}, {"RightName": "GenericAll", "IsInherited": true, "PrincipalSID": "S-1-5-21-4194615774-2175524697-3563712290-519", "PrincipalType": "Group"}, {"RightName": "GenericWrite", "IsInherited": true, "PrincipalSID": "BLACKFIELD.LOCAL-S-1-5-32-544", "PrincipalType": "Group"}, {"RightName": "WriteOwner", "IsInherited": true, "PrincipalSID": "BLACKFIELD.LOCAL-S-1-5-32-544", "PrincipalType": "Group"}, {"RightName": "WriteDacl", "IsInherited": true, "PrincipalSID": "BLACKFIELD.LOCAL-S-1-5-32-544", "PrincipalType": "Group"}], "HasSIDHistory": [], "IsDeleted": false, "Status": null, "IsACLProtected": false},{"ObjectIdentifier": "S-1-5-21-4194615774-2175524697-3563712290-1424", "AllowedToAct": [], "PrimaryGroupSID": "S-1-5-21-4194615774-2175524697-3563712290-515", "LocalAdmins": {"Collected": false, "FailureReason": null, "Results": []}, "PSRemoteUsers": {"Collected": false, "FailureReason": null, "Results": []}, "Properties": {"name": "PC10.BLACKFIELD.LOCAL", "domainsid": "S-1-5-21-4194615774-2175524697-3563712290", "domain": "BLACKFIELD.LOCAL", "distinguishedname": "CN=PC10,CN=COMPUTERS,DC=BLACKFIELD,DC=LOCAL", "unconstraineddelegation": false, "enabled": true, "trustedtoauth": false, "samaccountname": "PC10$", "haslaps": false, "lastlogon": 0, "lastlogontimestamp": -1, "pwdlastset": 1582935876, "whencreated": 1582935876, "serviceprincipalnames": [], "description": null, "operatingsystem": null, "sidhistory": []}, "RemoteDesktopUsers": {"Collected": false, "FailureReason": null, "Results": []}, "DcomUsers": {"Collected": false, "FailureReason": null, "Results": []}, "AllowedToDelegate": [], "Sessions": {"Collected": false, "FailureReason": null, "Results": []}, "PrivilegedSessions": {"Collected": false, "FailureReason": null, "Results": []}, "RegistrySessions": {"Collected": false, "FailureReason": null, "Results": []}, "Aces": [{"RightName": "Owns", "IsInherited": false, "PrincipalSID": "S-1-5-21-4194615774-2175524697-3563712290-512", "PrincipalType": "Group"}, {"RightName": "GenericAll", "IsInherited": false, "PrincipalSID": "S-1-5-21-4194615774-2175524697-3563712290-512", "PrincipalType": "Group"}, {"RightName": "GenericAll", "IsInherited": false, "PrincipalSID": "BLACKFIELD.LOCAL-S-1-5-32-548", "PrincipalType": "Group"}, {"RightName": "AddKeyCredentialLink", "IsInherited": true, "PrincipalSID": "S-1-5-21-4194615774-2175524697-3563712290-526", "PrincipalType": "Group"}, {"RightName": "AddKeyCredentialLink", "IsInherited": true, "PrincipalSID": "S-1-5-21-4194615774-2175524697-3563712290-527", "PrincipalType": "Group"}, {"RightName": "GenericAll", "IsInherited": true, "PrincipalSID": "S-1-5-21-4194615774-2175524697-3563712290-519", "PrincipalType": "Group"}, {"RightName": "GenericWrite", "IsInherited": true, "PrincipalSID": "BLACKFIELD.LOCAL-S-1-5-32-544", "PrincipalType": "Group"}, {"RightName": "WriteOwner", "IsInherited": true, "PrincipalSID": "BLACKFIELD.LOCAL-S-1-5-32-544", "PrincipalType": "Group"}, {"RightName": "WriteDacl", "IsInherited": true, "PrincipalSID": "BLACKFIELD.LOCAL-S-1-5-32-544", "PrincipalType": "Group"}], "HasSIDHistory": [], "IsDeleted": false, "Status": null, "IsACLProtected": false},{"ObjectIdentifier": "S-1-5-21-4194615774-2175524697-3563712290-1423", "AllowedToAct": [], "PrimaryGroupSID": "S-1-5-21-4194615774-2175524697-3563712290-515", "LocalAdmins": {"Collected": false, "FailureReason": null, "Results": []}, "PSRemoteUsers": {"Collected": false, "FailureReason": null, "Results": []}, "Properties": {"name": "PC09.BLACKFIELD.LOCAL", "domainsid": "S-1-5-21-4194615774-2175524697-3563712290", "domain": "BLACKFIELD.LOCAL", "distinguishedname": "CN=PC09,CN=COMPUTERS,DC=BLACKFIELD,DC=LOCAL", "unconstraineddelegation": false, "enabled": true, "trustedtoauth": false, "samaccountname": "PC09$", "haslaps": false, "lastlogon": 0, "lastlogontimestamp": -1, "pwdlastset": 1582935870, "whencreated": 1582935870, "serviceprincipalnames": [], "description": null, "operatingsystem": null, "sidhistory": []}, "RemoteDesktopUsers": {"Collected": false, "FailureReason": null, "Results": []}, "DcomUsers": {"Collected": false, "FailureReason": null, "Results": []}, "AllowedToDelegate": [], "Sessions": {"Collected": false, "FailureReason": null, "Results": []}, "PrivilegedSessions": {"Collected": false, "FailureReason": null, "Results": []}, "RegistrySessions": {"Collected": false, "FailureReason": null, "Results": []}, "Aces": [{"RightName": "Owns", "IsInherited": false, "PrincipalSID": "S-1-5-21-4194615774-2175524697-3563712290-512", "PrincipalType": "Group"}, {"RightName": "GenericAll", "IsInherited": false, "PrincipalSID": "S-1-5-21-4194615774-2175524697-3563712290-512", "PrincipalType": "Group"}, {"RightName": "GenericAll", "IsInherited": false, "PrincipalSID": "BLACKFIELD.LOCAL-S-1-5-32-548", "PrincipalType": "Group"}, {"RightName": "AddKeyCredentialLink", "IsInherited": true, "PrincipalSID": "S-1-5-21-4194615774-2175524697-3563712290-526", "PrincipalType": "Group"}, {"RightName": "AddKeyCredentialLink", "IsInherited": true, "PrincipalSID": "S-1-5-21-4194615774-2175524697-3563712290-527", "PrincipalType": "Group"}, {"RightName": "GenericAll", "IsInherited": true, "PrincipalSID": "S-1-5-21-4194615774-2175524697-3563712290-519", "PrincipalType": "Group"}, {"RightName": "GenericWrite", "IsInherited": true, "PrincipalSID": "BLACKFIELD.LOCAL-S-1-5-32-544", "PrincipalType": "Group"}, {"RightName": "WriteOwner", "IsInherited": true, "PrincipalSID": "BLACKFIELD.LOCAL-S-1-5-32-544", "PrincipalType": "Group"}, {"RightName": "WriteDacl", "IsInherited": true, "PrincipalSID": "BLACKFIELD.LOCAL-S-1-5-32-544", "PrincipalType": "Group"}], "HasSIDHistory": [], "IsDeleted": false, "Status": null, "IsACLProtected": false},{"ObjectIdentifier": "S-1-5-21-4194615774-2175524697-3563712290-1422", "AllowedToAct": [], "PrimaryGroupSID": "S-1-5-21-4194615774-2175524697-3563712290-515", "LocalAdmins": {"Collected": false, "FailureReason": null, "Results": []}, "PSRemoteUsers": {"Collected": false, "FailureReason": null, "Results": []}, "Properties": {"name": "PC08.BLACKFIELD.LOCAL", "domainsid": "S-1-5-21-4194615774-2175524697-3563712290", "domain": "BLACKFIELD.LOCAL", "distinguishedname": "CN=PC08,CN=COMPUTERS,DC=BLACKFIELD,DC=LOCAL", "unconstraineddelegation": false, "enabled": true, "trustedtoauth": false, "samaccountname": "PC08$", "haslaps": false, "lastlogon": 0, "lastlogontimestamp": -1, "pwdlastset": 1582935865, "whencreated": 1582935865, "serviceprincipalnames": [], "description": null, "operatingsystem": null, "sidhistory": []}, "RemoteDesktopUsers": {"Collected": false, "FailureReason": null, "Results": []}, "DcomUsers": {"Collected": false, "FailureReason": null, "Results": []}, "AllowedToDelegate": [], "Sessions": {"Collected": false, "FailureReason": null, "Results": []}, "PrivilegedSessions": {"Collected": false, "FailureReason": null, "Results": []}, "RegistrySessions": {"Collected": false, "FailureReason": null, "Results": []}, "Aces": [{"RightName": "Owns", "IsInherited": false, "PrincipalSID": "S-1-5-21-4194615774-2175524697-3563712290-512", "PrincipalType": "Group"}, {"RightName": "GenericAll", "IsInherited": false, "PrincipalSID": "S-1-5-21-4194615774-2175524697-3563712290-512", "PrincipalType": "Group"}, {"RightName": "GenericAll", "IsInherited": false, "PrincipalSID": "BLACKFIELD.LOCAL-S-1-5-32-548", "PrincipalType": "Group"}, {"RightName": "AddKeyCredentialLink", "IsInherited": true, "PrincipalSID": "S-1-5-21-4194615774-2175524697-3563712290-526", "PrincipalType": "Group"}, {"RightName": "AddKeyCredentialLink", "IsInherited": true, "PrincipalSID": "S-1-5-21-4194615774-2175524697-3563712290-527", "PrincipalType": "Group"}, {"RightName": "GenericAll", "IsInherited": true, "PrincipalSID": "S-1-5-21-4194615774-2175524697-3563712290-519", "PrincipalType": "Group"}, {"RightName": "GenericWrite", "IsInherited": true, "PrincipalSID": "BLACKFIELD.LOCAL-S-1-5-32-544", "PrincipalType": "Group"}, {"RightName": "WriteOwner", "IsInherited": true, "PrincipalSID": "BLACKFIELD.LOCAL-S-1-5-32-544", "PrincipalType": "Group"}, {"RightName": "WriteDacl", "IsInherited": true, "PrincipalSID": "BLACKFIELD.LOCAL-S-1-5-32-544", "PrincipalType": "Group"}], "HasSIDHistory": [], "IsDeleted": false, "Status": null, "IsACLProtected": false},{"ObjectIdentifier": "S-1-5-21-4194615774-2175524697-3563712290-1421", "AllowedToAct": [], "PrimaryGroupSID": "S-1-5-21-4194615774-2175524697-3563712290-515", "LocalAdmins": {"Collected": false, "FailureReason": null, "Results": []}, "PSRemoteUsers": {"Collected": false, "FailureReason": null, "Results": []}, "Properties": {"name": "PC07.BLACKFIELD.LOCAL", "domainsid": "S-1-5-21-4194615774-2175524697-3563712290", "domain": "BLACKFIELD.LOCAL", "distinguishedname": "CN=PC07,CN=COMPUTERS,DC=BLACKFIELD,DC=LOCAL", "unconstraineddelegation": false, "enabled": true, "trustedtoauth": false, "samaccountname": "PC07$", "haslaps": false, "lastlogon": 0, "lastlogontimestamp": -1, "pwdlastset": 1582935856, "whencreated": 1582935856, "serviceprincipalnames": [], "description": null, "operatingsystem": null, "sidhistory": []}, "RemoteDesktopUsers": {"Collected": false, "FailureReason": null, "Results": []}, "DcomUsers": {"Collected": false, "FailureReason": null, "Results": []}, "AllowedToDelegate": [], "Sessions": {"Collected": false, "FailureReason": null, "Results": []}, "PrivilegedSessions": {"Collected": false, "FailureReason": null, "Results": []}, "RegistrySessions": {"Collected": false, "FailureReason": null, "Results": []}, "Aces": [{"RightName": "Owns", "IsInherited": false, "PrincipalSID": "S-1-5-21-4194615774-2175524697-3563712290-512", "PrincipalType": "Group"}, {"RightName": "GenericAll", "IsInherited": false, "PrincipalSID": "S-1-5-21-4194615774-2175524697-3563712290-512", "PrincipalType": "Group"}, {"RightName": "GenericAll", "IsInherited": false, "PrincipalSID": "BLACKFIELD.LOCAL-S-1-5-32-548", "PrincipalType": "Group"}, {"RightName": "AddKeyCredentialLink", "IsInherited": true, "PrincipalSID": "S-1-5-21-4194615774-2175524697-3563712290-526", "PrincipalType": "Group"}, {"RightName": "AddKeyCredentialLink", "IsInherited": true, "PrincipalSID": "S-1-5-21-4194615774-2175524697-3563712290-527", "PrincipalType": "Group"}, {"RightName": "GenericAll", "IsInherited": true, "PrincipalSID": "S-1-5-21-4194615774-2175524697-3563712290-519", "PrincipalType": "Group"}, {"RightName": "GenericWrite", "IsInherited": true, "PrincipalSID": "BLACKFIELD.LOCAL-S-1-5-32-544", "PrincipalType": "Group"}, {"RightName": "WriteOwner", "IsInherited": true, "PrincipalSID": "BLACKFIELD.LOCAL-S-1-5-32-544", "PrincipalType": "Group"}, {"RightName": "WriteDacl", "IsInherited": true, "PrincipalSID": "BLACKFIELD.LOCAL-S-1-5-32-544", "PrincipalType": "Group"}], "HasSIDHistory": [], "IsDeleted": false, "Status": null, "IsACLProtected": false},{"ObjectIdentifier": "S-1-5-21-4194615774-2175524697-3563712290-1420", "AllowedToAct": [], "PrimaryGroupSID": "S-1-5-21-4194615774-2175524697-3563712290-515", "LocalAdmins": {"Collected": false, "FailureReason": null, "Results": []}, "PSRemoteUsers": {"Collected": false, "FailureReason": null, "Results": []}, "Properties": {"name": "PC06.BLACKFIELD.LOCAL", "domainsid": "S-1-5-21-4194615774-2175524697-3563712290", "domain": "BLACKFIELD.LOCAL", "distinguishedname": "CN=PC06,CN=COMPUTERS,DC=BLACKFIELD,DC=LOCAL", "unconstraineddelegation": false, "enabled": true, "trustedtoauth": false, "samaccountname": "PC06$", "haslaps": false, "lastlogon": 0, "lastlogontimestamp": -1, "pwdlastset": 1582935851, "whencreated": 1582935851, "serviceprincipalnames": [], "description": null, "operatingsystem": null, "sidhistory": []}, "RemoteDesktopUsers": {"Collected": false, "FailureReason": null, "Results": []}, "DcomUsers": {"Collected": false, "FailureReason": null, "Results": []}, "AllowedToDelegate": [], "Sessions": {"Collected": false, "FailureReason": null, "Results": []}, "PrivilegedSessions": {"Collected": false, "FailureReason": null, "Results": []}, "RegistrySessions": {"Collected": false, "FailureReason": null, "Results": []}, "Aces": [{"RightName": "Owns", "IsInherited": false, "PrincipalSID": "S-1-5-21-4194615774-2175524697-3563712290-512", "PrincipalType": "Group"}, {"RightName": "GenericAll", "IsInherited": false, "PrincipalSID": "S-1-5-21-4194615774-2175524697-3563712290-512", "PrincipalType": "Group"}, {"RightName": "GenericAll", "IsInherited": false, "PrincipalSID": "BLACKFIELD.LOCAL-S-1-5-32-548", "PrincipalType": "Group"}, {"RightName": "AddKeyCredentialLink", "IsInherited": true, "PrincipalSID": "S-1-5-21-4194615774-2175524697-3563712290-526", "PrincipalType": "Group"}, {"RightName": "AddKeyCredentialLink", "IsInherited": true, "PrincipalSID": "S-1-5-21-4194615774-2175524697-3563712290-527", "PrincipalType": "Group"}, {"RightName": "GenericAll", "IsInherited": true, "PrincipalSID": "S-1-5-21-4194615774-2175524697-3563712290-519", "PrincipalType": "Group"}, {"RightName": "GenericWrite", "IsInherited": true, "PrincipalSID": "BLACKFIELD.LOCAL-S-1-5-32-544", "PrincipalType": "Group"}, {"RightName": "WriteOwner", "IsInherited": true, "PrincipalSID": "BLACKFIELD.LOCAL-S-1-5-32-544", "PrincipalType": "Group"}, {"RightName": "WriteDacl", "IsInherited": true, "PrincipalSID": "BLACKFIELD.LOCAL-S-1-5-32-544", "PrincipalType": "Group"}], "HasSIDHistory": [], "IsDeleted": false, "Status": null, "IsACLProtected": false},{"ObjectIdentifier": "S-1-5-21-4194615774-2175524697-3563712290-1419", "AllowedToAct": [], "PrimaryGroupSID": "S-1-5-21-4194615774-2175524697-3563712290-515", "LocalAdmins": {"Collected": false, "FailureReason": null, "Results": []}, "PSRemoteUsers": {"Collected": false, "FailureReason": null, "Results": []}, "Properties": {"name": "PC05.BLACKFIELD.LOCAL", "domainsid": "S-1-5-21-4194615774-2175524697-3563712290", "domain": "BLACKFIELD.LOCAL", "distinguishedname": "CN=PC05,CN=COMPUTERS,DC=BLACKFIELD,DC=LOCAL", "unconstraineddelegation": false, "enabled": true, "trustedtoauth": false, "samaccountname": "PC05$", "haslaps": false, "lastlogon": 0, "lastlogontimestamp": -1, "pwdlastset": 1582935845, "whencreated": 1582935845, "serviceprincipalnames": [], "description": null, "operatingsystem": null, "sidhistory": []}, "RemoteDesktopUsers": {"Collected": false, "FailureReason": null, "Results": []}, "DcomUsers": {"Collected": false, "FailureReason": null, "Results": []}, "AllowedToDelegate": [], "Sessions": {"Collected": false, "FailureReason": null, "Results": []}, "PrivilegedSessions": {"Collected": false, "FailureReason": null, "Results": []}, "RegistrySessions": {"Collected": false, "FailureReason": null, "Results": []}, "Aces": [{"RightName": "Owns", "IsInherited": false, "PrincipalSID": "S-1-5-21-4194615774-2175524697-3563712290-512", "PrincipalType": "Group"}, {"RightName": "GenericAll", "IsInherited": false, "PrincipalSID": "S-1-5-21-4194615774-2175524697-3563712290-512", "PrincipalType": "Group"}, {"RightName": "GenericAll", "IsInherited": false, "PrincipalSID": "BLACKFIELD.LOCAL-S-1-5-32-548", "PrincipalType": "Group"}, {"RightName": "AddKeyCredentialLink", "IsInherited": true, "PrincipalSID": "S-1-5-21-4194615774-2175524697-3563712290-526", "PrincipalType": "Group"}, {"RightName": "AddKeyCredentialLink", "IsInherited": true, "PrincipalSID": "S-1-5-21-4194615774-2175524697-3563712290-527", "PrincipalType": "Group"}, {"RightName": "GenericAll", "IsInherited": true, "PrincipalSID": "S-1-5-21-4194615774-2175524697-3563712290-519", "PrincipalType": "Group"}, {"RightName": "GenericWrite", "IsInherited": true, "PrincipalSID": "BLACKFIELD.LOCAL-S-1-5-32-544", "PrincipalType": "Group"}, {"RightName": "WriteOwner", "IsInherited": true, "PrincipalSID": "BLACKFIELD.LOCAL-S-1-5-32-544", "PrincipalType": "Group"}, {"RightName": "WriteDacl", "IsInherited": true, "PrincipalSID": "BLACKFIELD.LOCAL-S-1-5-32-544", "PrincipalType": "Group"}], "HasSIDHistory": [], "IsDeleted": false, "Status": null, "IsACLProtected": false},{"ObjectIdentifier": "S-1-5-21-4194615774-2175524697-3563712290-1418", "AllowedToAct": [], "PrimaryGroupSID": "S-1-5-21-4194615774-2175524697-3563712290-515", "LocalAdmins": {"Collected": false, "FailureReason": null, "Results": []}, "PSRemoteUsers": {"Collected": false, "FailureReason": null, "Results": []}, "Properties": {"name": "PC04.BLACKFIELD.LOCAL", "domainsid": "S-1-5-21-4194615774-2175524697-3563712290", "domain": "BLACKFIELD.LOCAL", "distinguishedname": "CN=PC04,CN=COMPUTERS,DC=BLACKFIELD,DC=LOCAL", "unconstraineddelegation": false, "enabled": true, "trustedtoauth": false, "samaccountname": "PC04$", "haslaps": false, "lastlogon": 0, "lastlogontimestamp": -1, "pwdlastset": 1582935838, "whencreated": 1582935838, "serviceprincipalnames": [], "description": null, "operatingsystem": null, "sidhistory": []}, "RemoteDesktopUsers": {"Collected": false, "FailureReason": null, "Results": []}, "DcomUsers": {"Collected": false, "FailureReason": null, "Results": []}, "AllowedToDelegate": [], "Sessions": {"Collected": false, "FailureReason": null, "Results": []}, "PrivilegedSessions": {"Collected": false, "FailureReason": null, "Results": []}, "RegistrySessions": {"Collected": false, "FailureReason": null, "Results": []}, "Aces": [{"RightName": "Owns", "IsInherited": false, "PrincipalSID": "S-1-5-21-4194615774-2175524697-3563712290-512", "PrincipalType": "Group"}, {"RightName": "GenericAll", "IsInherited": false, "PrincipalSID": "S-1-5-21-4194615774-2175524697-3563712290-512", "PrincipalType": "Group"}, {"RightName": "GenericAll", "IsInherited": false, "PrincipalSID": "BLACKFIELD.LOCAL-S-1-5-32-548", "PrincipalType": "Group"}, {"RightName": "AddKeyCredentialLink", "IsInherited": true, "PrincipalSID": "S-1-5-21-4194615774-2175524697-3563712290-526", "PrincipalType": "Group"}, {"RightName": "AddKeyCredentialLink", "IsInherited": true, "PrincipalSID": "S-1-5-21-4194615774-2175524697-3563712290-527", "PrincipalType": "Group"}, {"RightName": "GenericAll", "IsInherited": true, "PrincipalSID": "S-1-5-21-4194615774-2175524697-3563712290-519", "PrincipalType": "Group"}, {"RightName": "GenericWrite", "IsInherited": true, "PrincipalSID": "BLACKFIELD.LOCAL-S-1-5-32-544", "PrincipalType": "Group"}, {"RightName": "WriteOwner", "IsInherited": true, "PrincipalSID": "BLACKFIELD.LOCAL-S-1-5-32-544", "PrincipalType": "Group"}, {"RightName": "WriteDacl", "IsInherited": true, "PrincipalSID": "BLACKFIELD.LOCAL-S-1-5-32-544", "PrincipalType": "Group"}], "HasSIDHistory": [], "IsDeleted": false, "Status": null, "IsACLProtected": false},{"ObjectIdentifier": "S-1-5-21-4194615774-2175524697-3563712290-1417", "AllowedToAct": [], "PrimaryGroupSID": "S-1-5-21-4194615774-2175524697-3563712290-515", "LocalAdmins": {"Collected": false, "FailureReason": null, "Results": []}, "PSRemoteUsers": {"Collected": false, "FailureReason": null, "Results": []}, "Properties": {"name": "PC03.BLACKFIELD.LOCAL", "domainsid": "S-1-5-21-4194615774-2175524697-3563712290", "domain": "BLACKFIELD.LOCAL", "distinguishedname": "CN=PC03,CN=COMPUTERS,DC=BLACKFIELD,DC=LOCAL", "unconstraineddelegation": false, "enabled": true, "trustedtoauth": false, "samaccountname": "PC03$", "haslaps": false, "lastlogon": 0, "lastlogontimestamp": -1, "pwdlastset": 1582935832, "whencreated": 1582935832, "serviceprincipalnames": [], "description": null, "operatingsystem": null, "sidhistory": []}, "RemoteDesktopUsers": {"Collected": false, "FailureReason": null, "Results": []}, "DcomUsers": {"Collected": false, "FailureReason": null, "Results": []}, "AllowedToDelegate": [], "Sessions": {"Collected": false, "FailureReason": null, "Results": []}, "PrivilegedSessions": {"Collected": false, "FailureReason": null, "Results": []}, "RegistrySessions": {"Collected": false, "FailureReason": null, "Results": []}, "Aces": [{"RightName": "Owns", "IsInherited": false, "PrincipalSID": "S-1-5-21-4194615774-2175524697-3563712290-512", "PrincipalType": "Group"}, {"RightName": "GenericAll", "IsInherited": false, "PrincipalSID": "S-1-5-21-4194615774-2175524697-3563712290-512", "PrincipalType": "Group"}, {"RightName": "GenericAll", "IsInherited": false, "PrincipalSID": "BLACKFIELD.LOCAL-S-1-5-32-548", "PrincipalType": "Group"}, {"RightName": "AddKeyCredentialLink", "IsInherited": true, "PrincipalSID": "S-1-5-21-4194615774-2175524697-3563712290-526", "PrincipalType": "Group"}, {"RightName": "AddKeyCredentialLink", "IsInherited": true, "PrincipalSID": "S-1-5-21-4194615774-2175524697-3563712290-527", "PrincipalType": "Group"}, {"RightName": "GenericAll", "IsInherited": true, "PrincipalSID": "S-1-5-21-4194615774-2175524697-3563712290-519", "PrincipalType": "Group"}, {"RightName": "GenericWrite", "IsInherited": true, "PrincipalSID": "BLACKFIELD.LOCAL-S-1-5-32-544", "PrincipalType": "Group"}, {"RightName": "WriteOwner", "IsInherited": true, "PrincipalSID": "BLACKFIELD.LOCAL-S-1-5-32-544", "PrincipalType": "Group"}, {"RightName": "WriteDacl", "IsInherited": true, "PrincipalSID": "BLACKFIELD.LOCAL-S-1-5-32-544", "PrincipalType": "Group"}], "HasSIDHistory": [], "IsDeleted": false, "Status": null, "IsACLProtected": false},{"ObjectIdentifier": "S-1-5-21-4194615774-2175524697-3563712290-1416", "AllowedToAct": [], "PrimaryGroupSID": "S-1-5-21-4194615774-2175524697-3563712290-515", "LocalAdmins": {"Collected": false, "FailureReason": null, "Results": []}, "PSRemoteUsers": {"Collected": false, "FailureReason": null, "Results": []}, "Properties": {"name": "PC02.BLACKFIELD.LOCAL", "domainsid": "S-1-5-21-4194615774-2175524697-3563712290", "domain": "BLACKFIELD.LOCAL", "distinguishedname": "CN=PC02,CN=COMPUTERS,DC=BLACKFIELD,DC=LOCAL", "unconstraineddelegation": false, "enabled": true, "trustedtoauth": false, "samaccountname": "PC02$", "haslaps": false, "lastlogon": 0, "lastlogontimestamp": -1, "pwdlastset": 1582935826, "whencreated": 1582935826, "serviceprincipalnames": [], "description": null, "operatingsystem": null, "sidhistory": []}, "RemoteDesktopUsers": {"Collected": false, "FailureReason": null, "Results": []}, "DcomUsers": {"Collected": false, "FailureReason": null, "Results": []}, "AllowedToDelegate": [], "Sessions": {"Collected": false, "FailureReason": null, "Results": []}, "PrivilegedSessions": {"Collected": false, "FailureReason": null, "Results": []}, "RegistrySessions": {"Collected": false, "FailureReason": null, "Results": []}, "Aces": [{"RightName": "Owns", "IsInherited": false, "PrincipalSID": "S-1-5-21-4194615774-2175524697-3563712290-512", "PrincipalType": "Group"}, {"RightName": "GenericAll", "IsInherited": false, "PrincipalSID": "S-1-5-21-4194615774-2175524697-3563712290-512", "PrincipalType": "Group"}, {"RightName": "GenericAll", "IsInherited": false, "PrincipalSID": "BLACKFIELD.LOCAL-S-1-5-32-548", "PrincipalType": "Group"}, {"RightName": "AddKeyCredentialLink", "IsInherited": true, "PrincipalSID": "S-1-5-21-4194615774-2175524697-3563712290-526", "PrincipalType": "Group"}, {"RightName": "AddKeyCredentialLink", "IsInherited": true, "PrincipalSID": "S-1-5-21-4194615774-2175524697-3563712290-527", "PrincipalType": "Group"}, {"RightName": "GenericAll", "IsInherited": true, "PrincipalSID": "S-1-5-21-4194615774-2175524697-3563712290-519", "PrincipalType": "Group"}, {"RightName": "GenericWrite", "IsInherited": true, "PrincipalSID": "BLACKFIELD.LOCAL-S-1-5-32-544", "PrincipalType": "Group"}, {"RightName": "WriteOwner", "IsInherited": true, "PrincipalSID": "BLACKFIELD.LOCAL-S-1-5-32-544", "PrincipalType": "Group"}, {"RightName": "WriteDacl", "IsInherited": true, "PrincipalSID": "BLACKFIELD.LOCAL-S-1-5-32-544", "PrincipalType": "Group"}], "HasSIDHistory": [], "IsDeleted": false, "Status": null, "IsACLProtected": false},{"ObjectIdentifier": "S-1-5-21-4194615774-2175524697-3563712290-1415", "AllowedToAct": [], "PrimaryGroupSID": "S-1-5-21-4194615774-2175524697-3563712290-515", "LocalAdmins": {"Collected": false, "FailureReason": null, "Results": []}, "PSRemoteUsers": {"Collected": false, "FailureReason": null, "Results": []}, "Properties": {"name": "PC01.BLACKFIELD.LOCAL", "domainsid": "S-1-5-21-4194615774-2175524697-3563712290", "domain": "BLACKFIELD.LOCAL", "distinguishedname": "CN=PC01,CN=COMPUTERS,DC=BLACKFIELD,DC=LOCAL", "unconstraineddelegation": false, "enabled": true, "trustedtoauth": false, "samaccountname": "PC01$", "haslaps": false, "lastlogon": 0, "lastlogontimestamp": -1, "pwdlastset": 1582935818, "whencreated": 1582935818, "serviceprincipalnames": [], "description": null, "operatingsystem": null, "sidhistory": []}, "RemoteDesktopUsers": {"Collected": false, "FailureReason": null, "Results": []}, "DcomUsers": {"Collected": false, "FailureReason": null, "Results": []}, "AllowedToDelegate": [], "Sessions": {"Collected": false, "FailureReason": null, "Results": []}, "PrivilegedSessions": {"Collected": false, "FailureReason": null, "Results": []}, "RegistrySessions": {"Collected": false, "FailureReason": null, "Results": []}, "Aces": [{"RightName": "Owns", "IsInherited": false, "PrincipalSID": "S-1-5-21-4194615774-2175524697-3563712290-512", "PrincipalType": "Group"}, {"RightName": "GenericAll", "IsInherited": false, "PrincipalSID": "S-1-5-21-4194615774-2175524697-3563712290-512", "PrincipalType": "Group"}, {"RightName": "GenericAll", "IsInherited": false, "PrincipalSID": "BLACKFIELD.LOCAL-S-1-5-32-548", "PrincipalType": "Group"}, {"RightName": "AddKeyCredentialLink", "IsInherited": true, "PrincipalSID": "S-1-5-21-4194615774-2175524697-3563712290-526", "PrincipalType": "Group"}, {"RightName": "AddKeyCredentialLink", "IsInherited": true, "PrincipalSID": "S-1-5-21-4194615774-2175524697-3563712290-527", "PrincipalType": "Group"}, {"RightName": "GenericAll", "IsInherited": true, "PrincipalSID": "S-1-5-21-4194615774-2175524697-3563712290-519", "PrincipalType": "Group"}, {"RightName": "GenericWrite", "IsInherited": true, "PrincipalSID": "BLACKFIELD.LOCAL-S-1-5-32-544", "PrincipalType": "Group"}, {"RightName": "WriteOwner", "IsInherited": true, "PrincipalSID": "BLACKFIELD.LOCAL-S-1-5-32-544", "PrincipalType": "Group"}, {"RightName": "WriteDacl", "IsInherited": true, "PrincipalSID": "BLACKFIELD.LOCAL-S-1-5-32-544", "PrincipalType": "Group"}], "HasSIDHistory": [], "IsDeleted": false, "Status": null, "IsACLProtected": false},{"ObjectIdentifier": "S-1-5-21-4194615774-2175524697-3563712290-1000", "AllowedToAct": [], "PrimaryGroupSID": "S-1-5-21-4194615774-2175524697-3563712290-516", "LocalAdmins": {"Collected": true, "FailureReason": null, "Results": [{"ObjectIdentifier": "S-1-5-21-4194615774-2175524697-3563712290-500", "ObjectType": "User"}, {"ObjectIdentifier": "S-1-5-21-4194615774-2175524697-3563712290-519", "ObjectType": "Group"}, {"ObjectIdentifier": "S-1-5-21-4194615774-2175524697-3563712290-512", "ObjectType": "Group"}]}, "PSRemoteUsers": {"Collected": true, "FailureReason": null, "Results": [{"ObjectIdentifier": "S-1-5-21-4194615774-2175524697-3563712290-1413", "ObjectType": "User"}]}, "Properties": {"name": "DC01.BLACKFIELD.LOCAL", "domainsid": "S-1-5-21-4194615774-2175524697-3563712290", "domain": "BLACKFIELD.LOCAL", "distinguishedname": "CN=DC01,OU=DOMAIN CONTROLLERS,DC=BLACKFIELD,DC=LOCAL", "unconstraineddelegation": true, "enabled": true, "trustedtoauth": false, "samaccountname": "DC01$", "haslaps": false, "lastlogon": 1737931716, "lastlogontimestamp": 1737845344, "pwdlastset": 1737845333, "whencreated": 1582456440, "serviceprincipalnames": ["Dfsr-12F9A27C-BF97-4787-9364-D31B6C55EB04/DC01.BLACKFIELD.local", "ldap/DC01.BLACKFIELD.local/ForestDnsZones.BLACKFIELD.local", "ldap/DC01.BLACKFIELD.local/DomainDnsZones.BLACKFIELD.local", "TERMSRV/DC01", "TERMSRV/DC01.BLACKFIELD.local", "DNS/DC01.BLACKFIELD.local", "GC/DC01.BLACKFIELD.local/BLACKFIELD.local", "RestrictedKrbHost/DC01.BLACKFIELD.local", "RestrictedKrbHost/DC01", "RPC/2a754031-e5c5-4e88-bb09-09aae693753c._msdcs.BLACKFIELD.local", "HOST/DC01/BLACKFIELD", "HOST/DC01.BLACKFIELD.local/BLACKFIELD", "HOST/DC01", "HOST/DC01.BLACKFIELD.local", "HOST/DC01.BLACKFIELD.local/BLACKFIELD.local", "E3514235-4B06-11D1-AB04-00C04FC2DCD2/2a754031-e5c5-4e88-bb09-09aae693753c/BLACKFIELD.local", "ldap/DC01/BLACKFIELD", "ldap/2a754031-e5c5-4e88-bb09-09aae693753c._msdcs.BLACKFIELD.local", "ldap/DC01.BLACKFIELD.local/BLACKFIELD", "ldap/DC01", "ldap/DC01.BLACKFIELD.local", "ldap/DC01.BLACKFIELD.local/BLACKFIELD.local"], "description": null, "operatingsystem": "Windows Server 2019 Standard", "sidhistory": []}, "RemoteDesktopUsers": {"Collected": true, "FailureReason": null, "Results": []}, "DcomUsers": {"Collected": true, "FailureReason": null, "Results": []}, "AllowedToDelegate": [], "Sessions": {"Collected": true, "FailureReason": null, "Results": []}, "PrivilegedSessions": {"Collected": false, "FailureReason": null, "Results": []}, "RegistrySessions": {"Collected": false, "FailureReason": null, "Results": []}, "Aces": [{"RightName": "Owns", "IsInherited": false, "PrincipalSID": "S-1-5-21-4194615774-2175524697-3563712290-512", "PrincipalType": "Group"}, {"RightName": "GenericAll", "IsInherited": false, "PrincipalSID": "S-1-5-21-4194615774-2175524697-3563712290-512", "PrincipalType": "Group"}, {"RightName": "AddKeyCredentialLink", "IsInherited": true, "PrincipalSID": "S-1-5-21-4194615774-2175524697-3563712290-526", "PrincipalType": "Group"}, {"RightName": "AddKeyCredentialLink", "IsInherited": true, "PrincipalSID": "S-1-5-21-4194615774-2175524697-3563712290-527", "PrincipalType": "Group"}, {"RightName": "GenericAll", "IsInherited": true, "PrincipalSID": "S-1-5-21-4194615774-2175524697-3563712290-519", "PrincipalType": "Group"}, {"RightName": "GenericWrite", "IsInherited": true, "PrincipalSID": "BLACKFIELD.LOCAL-S-1-5-32-544", "PrincipalType": "Group"}, {"RightName": "WriteOwner", "IsInherited": true, "PrincipalSID": "BLACKFIELD.LOCAL-S-1-5-32-544", "PrincipalType": "Group"}, {"RightName": "WriteDacl", "IsInherited": true, "PrincipalSID": "BLACKFIELD.LOCAL-S-1-5-32-544", "PrincipalType": "Group"}], "HasSIDHistory": [], "IsDeleted": false, "Status": null, "IsACLProtected": false}],"meta":{"methods":0,"type":"computers","count":18, "version":5}}