{"data":[{"Properties":{"domain":"MEGABANK.LOCAL","name":"MS02.MEGABANK.LOCAL","distinguishedname":"CN=MS02,CN=COMPUTERS,DC=MEGABANK,DC=LOCAL","domainsid":"S-1-5-21-1392959593-3013219662-3596683436","samaccountname":"MS02$","haslaps":false,"isaclprotected":false,"whencreated":1569555235,"enabled":true,"unconstraineddelegation":false,"trustedtoauth":false,"isdc":false,"encryptedtextpwdallowed":false,"usedeskeyonly":false,"logonscriptenabled":false,"lockedout":false,"passwordexpired":false,"supportedencryptiontypes":["RC4-HMAC-MD5","AES128-CTS-HMAC-SHA1-96","AES256-CTS-HMAC-SHA1-96"],"lastlogon":1569711612,"lastlogontimestamp":1569580508,"pwdlastset":1569580435,"serviceprincipalnames":["RestrictedKrbHost/MS02","HOST/MS02","RestrictedKrbHost/MS02.megabank.local","HOST/MS02.megabank.local"],"email":null,"useraccountcontrol":4096,"operatingsystem":"Windows Server 2016 Standard","sidhistory":[]},"PrimaryGroupSID":"S-1-5-21-1392959593-3013219662-3596683436-515","AllowedToDelegate":[],"AllowedToAct":[],"HasSIDHistory":[],"DumpSMSAPassword":[],"Sessions":{"Results":[],"Collected":false,"FailureReason":null},"PrivilegedSessions":{"Results":[],"Collected":false,"FailureReason":null},"RegistrySessions":{"Results":[],"Collected":false,"FailureReason":null},"LocalGroups":[],"UserRights":[],"DCRegistryData":{"CertificateMappingMethods":null,"StrongCertificateBindingEnforcement":null},"Status":{"Connectable":false,"Error":"NotActive"},"IsDC":false,"UnconstrainedDelegation":false,"DomainSID":"S-1-5-21-1392959593-3013219662-3596683436","Aces":[{"PrincipalSID":"S-1-5-21-1392959593-3013219662-3596683436-512","PrincipalType":"Group","RightName":"Owns","IsInherited":false,"InheritanceHash":""},{"PrincipalSID":"MEGABANK.LOCAL-S-1-5-32-548","PrincipalType":"Group","RightName":"GenericAll","IsInherited":false,"InheritanceHash":""},{"PrincipalSID":"S-1-5-21-1392959593-3013219662-3596683436-512","PrincipalType":"Group","RightName":"GenericAll","IsInherited":false,"InheritanceHash":""},{"PrincipalSID":"S-1-5-21-1392959593-3013219662-3596683436-512","PrincipalType":"Group","RightName":"WriteAccountRestrictions","IsInherited":false,"InheritanceHash":""},{"PrincipalSID":"S-1-5-21-1392959593-3013219662-3596683436-526","PrincipalType":"Group","RightName":"AddKeyCredentialLink","IsInherited":true,"InheritanceHash":"AD62F7A1BB2E428E66401E93ACBDC1E6A34D4864"},{"PrincipalSID":"S-1-5-21-1392959593-3013219662-3596683436-527","PrincipalType":"Group","RightName":"AddKeyCredentialLink","IsInherited":true,"InheritanceHash":"E1C1F88380C64D78D0BEF0E1577C1C65F4F05774"},{"PrincipalSID":"S-1-5-21-1392959593-3013219662-3596683436-519","PrincipalType":"Group","RightName":"GenericAll","IsInherited":true,"InheritanceHash":"4904C0269210A04301182779BAC253C22EA9F9D6"},{"PrincipalSID":"MEGABANK.LOCAL-S-1-5-32-544","PrincipalType":"Group","RightName":"WriteDacl","IsInherited":true,"InheritanceHash":"62C26D4FB3FF64505B03CDD35D648DFBC6C157CC"},{"PrincipalSID":"MEGABANK.LOCAL-S-1-5-32-544","PrincipalType":"Group","RightName":"WriteOwner","IsInherited":true,"InheritanceHash":"62C26D4FB3FF64505B03CDD35D648DFBC6C157CC"},{"PrincipalSID":"MEGABANK.LOCAL-S-1-5-32-544","PrincipalType":"Group","RightName":"GenericWrite","IsInherited":true,"InheritanceHash":"62C26D4FB3FF64505B03CDD35D648DFBC6C157CC"}],"ObjectIdentifier":"S-1-5-21-1392959593-3013219662-3596683436-1104","IsDeleted":false,"IsACLProtected":false,"ContainedBy":{"ObjectIdentifier":"41E2C5FF-1215-45BE-9CA1-488358AD5808","ObjectType":"Container"}},{"Properties":{"domain":"MEGABANK.LOCAL","name":"RESOLUTE.MEGABANK.LOCAL","distinguishedname":"CN=RESOLUTE,OU=DOMAIN CONTROLLERS,DC=MEGABANK,DC=LOCAL","domainsid":"S-1-5-21-1392959593-3013219662-3596683436","samaccountname":"RESOLUTE$","haslaps":false,"isaclprotected":false,"whencreated":1569392951,"enabled":true,"unconstraineddelegation":true,"trustedtoauth":false,"isdc":true,"encryptedtextpwdallowed":false,"usedeskeyonly":false,"logonscriptenabled":false,"lockedout":false,"passwordexpired":false,"supportedencryptiontypes":["RC4-HMAC-MD5","AES128-CTS-HMAC-SHA1-96","AES256-CTS-HMAC-SHA1-96"],"lastlogon":1737969234,"lastlogontimestamp":1737940463,"pwdlastset":1737940451,"serviceprincipalnames":["Dfsr-12F9A27C-BF97-4787-9364-D31B6C55EB04/Resolute.megabank.local","ldap/Resolute.megabank.local/ForestDnsZones.megabank.local","ldap/Resolute.megabank.local/DomainDnsZones.megabank.local","DNS/Resolute.megabank.local","GC/Resolute.megabank.local/megabank.local","HOST/Resolute.megabank.local/MEGABANK","HOST/Resolute.megabank.local/megabank.local","ldap/Resolute.megabank.local/MEGABANK","ldap/Resolute.megabank.local","ldap/Resolute.megabank.local/megabank.local","RestrictedKrbHost/Resolute.megabank.local","HOST/Resolute.megabank.local","RestrictedKrbHost/RESOLUTE","HOST/RESOLUTE/MEGABANK","HOST/RESOLUTE","ldap/RESOLUTE/MEGABANK","ldap/RESOLUTE","RPC/b9024923-44e7-4b82-83d5-7e0d199af2bc._msdcs.megabank.local","E3514235-4B06-11D1-AB04-00C04FC2DCD2/b9024923-44e7-4b82-83d5-7e0d199af2bc/megabank.local","ldap/b9024923-44e7-4b82-83d5-7e0d199af2bc._msdcs.megabank.local"],"email":null,"useraccountcontrol":532480,"operatingsystem":"Windows Server 2016 Standard","sidhistory":[]},"PrimaryGroupSID":"S-1-5-21-1392959593-3013219662-3596683436-516","AllowedToDelegate":[],"AllowedToAct":[],"HasSIDHistory":[],"DumpSMSAPassword":[],"Sessions":{"Results":[],"Collected":true,"FailureReason":null},"PrivilegedSessions":{"Results":[],"Collected":false,"FailureReason":"ErrorAccessDenied"},"RegistrySessions":{"Results":[{"UserSID":"S-1-5-21-1392959593-3013219662-3596683436-1105","ComputerSID":"S-1-5-21-1392959593-3013219662-3596683436-1000"},{"UserSID":"S-1-5-21-1392959593-3013219662-3596683436-500","ComputerSID":"S-1-5-21-1392959593-3013219662-3596683436-1000"}],"Collected":true,"FailureReason":null},"LocalGroups":[{"ObjectIdentifier":"MEGABANK.LOCAL-S-1-5-32-548","Name":"IGNOREME","Results":[],"LocalNames":[],"Collected":true,"FailureReason":null},{"ObjectIdentifier":"MEGABANK.LOCAL-S-1-5-32-554","Name":"IGNOREME","Results":[{"ObjectIdentifier":"MEGABANK.LOCAL-S-1-1-0","ObjectType":"Group"}],"LocalNames":[],"Collected":true,"FailureReason":null},{"ObjectIdentifier":"MEGABANK.LOCAL-S-1-5-32-557","Name":"IGNOREME","Results":[],"LocalNames":[],"Collected":true,"FailureReason":null},{"ObjectIdentifier":"MEGABANK.LOCAL-S-1-5-32-560","Name":"IGNOREME","Results":[{"ObjectIdentifier":"MEGABANK.LOCAL-S-1-5-9","ObjectType":"Group"}],"LocalNames":[],"Collected":true,"FailureReason":null},{"ObjectIdentifier":"MEGABANK.LOCAL-S-1-5-32-561","Name":"IGNOREME","Results":[],"LocalNames":[],"Collected":true,"FailureReason":null},{"ObjectIdentifier":"MEGABANK.LOCAL-S-1-5-32-544","Name":"IGNOREME","Results":[{"ObjectIdentifier":"S-1-5-21-1392959593-3013219662-3596683436-500","ObjectType":"User"},{"ObjectIdentifier":"S-1-5-21-1392959593-3013219662-3596683436-519","ObjectType":"Group"},{"ObjectIdentifier":"S-1-5-21-1392959593-3013219662-3596683436-512","ObjectType":"Group"}],"LocalNames":[],"Collected":true,"FailureReason":null},{"ObjectIdentifier":"MEGABANK.LOCAL-S-1-5-32-545","Name":"IGNOREME","Results":[{"ObjectIdentifier":"MEGABANK.LOCAL-S-1-5-11","ObjectType":"Group"},{"ObjectIdentifier":"S-1-5-21-1392959593-3013219662-3596683436-513","ObjectType":"Group"}],"LocalNames":[],"Collected":true,"FailureReason":null},{"ObjectIdentifier":"MEGABANK.LOCAL-S-1-5-32-546","Name":"IGNOREME","Results":[{"ObjectIdentifier":"S-1-5-21-1392959593-3013219662-3596683436-501","ObjectType":"User"},{"ObjectIdentifier":"S-1-5-21-1392959593-3013219662-3596683436-514","ObjectType":"Group"}],"LocalNames":[],"Collected":true,"FailureReason":null},{"ObjectIdentifier":"MEGABANK.LOCAL-S-1-5-32-550","Name":"IGNOREME","Results":[],"LocalNames":[],"Collected":true,"FailureReason":null},{"ObjectIdentifier":"MEGABANK.LOCAL-S-1-5-32-551","Name":"IGNOREME","Results":[],"LocalNames":[],"Collected":true,"FailureReason":null},{"ObjectIdentifier":"MEGABANK.LOCAL-S-1-5-32-552","Name":"IGNOREME","Results":[],"LocalNames":[],"Collected":true,"FailureReason":null},{"ObjectIdentifier":"MEGABANK.LOCAL-S-1-5-32-555","Name":"IGNOREME","Results":[],"LocalNames":[],"Collected":true,"FailureReason":null},{"ObjectIdentifier":"MEGABANK.LOCAL-S-1-5-32-556","Name":"IGNOREME","Results":[],"LocalNames":[],"Collected":true,"FailureReason":null},{"ObjectIdentifier":"MEGABANK.LOCAL-S-1-5-32-558","Name":"IGNOREME","Results":[],"LocalNames":[],"Collected":true,"FailureReason":null},{"ObjectIdentifier":"MEGABANK.LOCAL-S-1-5-32-559","Name":"IGNOREME","Results":[],"LocalNames":[],"Collected":true,"FailureReason":null},{"ObjectIdentifier":"MEGABANK.LOCAL-S-1-5-32-562","Name":"IGNOREME","Results":[],"LocalNames":[],"Collected":true,"FailureReason":null},{"ObjectIdentifier":"MEGABANK.LOCAL-S-1-5-32-568","Name":"IGNOREME","Results":[{"ObjectIdentifier":"MEGABANK.LOCAL-S-1-5-17","ObjectType":"User"}],"LocalNames":[],"Collected":true,"FailureReason":null},{"ObjectIdentifier":"MEGABANK.LOCAL-S-1-5-32-569","Name":"IGNOREME","Results":[],"LocalNames":[],"Collected":true,"FailureReason":null},{"ObjectIdentifier":"MEGABANK.LOCAL-S-1-5-32-573","Name":"IGNOREME","Results":[],"LocalNames":[],"Collected":true,"FailureReason":null},{"ObjectIdentifier":"MEGABANK.LOCAL-S-1-5-32-574","Name":"IGNOREME","Results":[],"LocalNames":[],"Collected":true,"FailureReason":null},{"ObjectIdentifier":"MEGABANK.LOCAL-S-1-5-32-575","Name":"IGNOREME","Results":[],"LocalNames":[],"Collected":true,"FailureReason":null},{"ObjectIdentifier":"MEGABANK.LOCAL-S-1-5-32-576","Name":"IGNOREME","Results":[],"LocalNames":[],"Collected":true,"FailureReason":null},{"ObjectIdentifier":"MEGABANK.LOCAL-S-1-5-32-577","Name":"IGNOREME","Results":[],"LocalNames":[],"Collected":true,"FailureReason":null},{"ObjectIdentifier":"MEGABANK.LOCAL-S-1-5-32-578","Name":"IGNOREME","Results":[],"LocalNames":[],"Collected":true,"FailureReason":null},{"ObjectIdentifier":"MEGABANK.LOCAL-S-1-5-32-579","Name":"IGNOREME","Results":[],"LocalNames":[],"Collected":true,"FailureReason":null},{"ObjectIdentifier":"MEGABANK.LOCAL-S-1-5-32-580","Name":"IGNOREME","Results":[{"ObjectIdentifier":"S-1-5-21-1392959593-3013219662-3596683436-1103","ObjectType":"Group"},{"ObjectIdentifier":"S-1-5-21-1392959593-3013219662-3596683436-10101","ObjectType":"User"}],"LocalNames":[],"Collected":true,"FailureReason":null},{"ObjectIdentifier":"MEGABANK.LOCAL-S-1-5-32-581","Name":"IGNOREME","Results":[{"ObjectIdentifier":"S-1-5-21-1392959593-3013219662-3596683436-503","ObjectType":"User"}],"LocalNames":[],"Collected":true,"FailureReason":null},{"ObjectIdentifier":"MEGABANK.LOCAL-S-1-5-32-582","Name":"IGNOREME","Results":[],"LocalNames":[],"Collected":true,"FailureReason":null},{"ObjectIdentifier":"MEGABANK.LOCAL-S-1-5-32-549","Name":"IGNOREME","Results":[],"LocalNames":[],"Collected":true,"FailureReason":null}],"UserRights":[{"Privilege":"SeRemoteInteractiveLogonRight","Results":[],"LocalNames":[],"Collected":false,"FailureReason":"LSAEnumerateAccountsWithUserRights returned StatusAccessDenied"}],"DCRegistryData":{"CertificateMappingMethods":{"Value":0,"Collected":false,"FailureReason":"User does not have the proper permissions to perform this operation"},"StrongCertificateBindingEnforcement":{"Value":0,"Collected":false,"FailureReason":"User does not have the proper permissions to perform this operation"}},"Status":null,"IsDC":true,"UnconstrainedDelegation":true,"DomainSID":"S-1-5-21-1392959593-3013219662-3596683436","Aces":[{"PrincipalSID":"S-1-5-21-1392959593-3013219662-3596683436-512","PrincipalType":"Group","RightName":"Owns","IsInherited":false,"InheritanceHash":""},{"PrincipalSID":"S-1-5-21-1392959593-3013219662-3596683436-512","PrincipalType":"Group","RightName":"GenericAll","IsInherited":false,"InheritanceHash":""},{"PrincipalSID":"S-1-5-21-1392959593-3013219662-3596683436-512","PrincipalType":"Group","RightName":"WriteAccountRestrictions","IsInherited":false,"InheritanceHash":""},{"PrincipalSID":"S-1-5-21-1392959593-3013219662-3596683436-526","PrincipalType":"Group","RightName":"AddKeyCredentialLink","IsInherited":true,"InheritanceHash":"AD62F7A1BB2E428E66401E93ACBDC1E6A34D4864"},{"PrincipalSID":"S-1-5-21-1392959593-3013219662-3596683436-527","PrincipalType":"Group","RightName":"AddKeyCredentialLink","IsInherited":true,"InheritanceHash":"E1C1F88380C64D78D0BEF0E1577C1C65F4F05774"},{"PrincipalSID":"S-1-5-21-1392959593-3013219662-3596683436-519","PrincipalType":"Group","RightName":"GenericAll","IsInherited":true,"InheritanceHash":"4904C0269210A04301182779BAC253C22EA9F9D6"},{"PrincipalSID":"MEGABANK.LOCAL-S-1-5-32-544","PrincipalType":"Group","RightName":"WriteDacl","IsInherited":true,"InheritanceHash":"62C26D4FB3FF64505B03CDD35D648DFBC6C157CC"},{"PrincipalSID":"MEGABANK.LOCAL-S-1-5-32-544","PrincipalType":"Group","RightName":"WriteOwner","IsInherited":true,"InheritanceHash":"62C26D4FB3FF64505B03CDD35D648DFBC6C157CC"},{"PrincipalSID":"MEGABANK.LOCAL-S-1-5-32-544","PrincipalType":"Group","RightName":"GenericWrite","IsInherited":true,"InheritanceHash":"62C26D4FB3FF64505B03CDD35D648DFBC6C157CC"}],"ObjectIdentifier":"S-1-5-21-1392959593-3013219662-3596683436-1000","IsDeleted":false,"IsACLProtected":false,"ContainedBy":{"ObjectIdentifier":"12316BD2-FE27-413A-90D0-471B6F5E7497","ObjectType":"OU"}}],"meta":{"methods":521215,"type":"computers","count":2,"version":6,"collectorversion":"2.5.13.0"}}