{"data":[{"GPOChanges":{"LocalAdmins":[],"RemoteDesktopUsers":[],"DcomUsers":[],"PSRemoteUsers":[],"AffectedComputers":[]},"Properties":{"domain":"MEGABANK.LOCAL","name":"SERVICE-ACCOUNTS@MEGABANK.LOCAL","distinguishedname":"OU=SERVICE-ACCOUNTS,DC=MEGABANK,DC=LOCAL","domainsid":"S-1-5-21-1392959593-3013219662-3596683436","isaclprotected":false,"whencreated":1569476101,"blocksinheritance":false},"Links":[],"ChildObjects":[],"InheritanceHashes":[],"Aces":[{"PrincipalSID":"S-1-5-21-1392959593-3013219662-3596683436-512","PrincipalType":"Group","RightName":"Owns","IsInherited":false,"InheritanceHash":""},{"PrincipalSID":"S-1-5-21-1392959593-3013219662-3596683436-512","PrincipalType":"Group","RightName":"GenericAll","IsInherited":false,"InheritanceHash":""},{"PrincipalSID":"S-1-5-21-1392959593-3013219662-3596683436-519","PrincipalType":"Group","RightName":"GenericAll","IsInherited":true,"InheritanceHash":"4904C0269210A04301182779BAC253C22EA9F9D6"},{"PrincipalSID":"MEGABANK.LOCAL-S-1-5-32-544","PrincipalType":"Group","RightName":"WriteDacl","IsInherited":true,"InheritanceHash":"62C26D4FB3FF64505B03CDD35D648DFBC6C157CC"},{"PrincipalSID":"MEGABANK.LOCAL-S-1-5-32-544","PrincipalType":"Group","RightName":"WriteOwner","IsInherited":true,"InheritanceHash":"62C26D4FB3FF64505B03CDD35D648DFBC6C157CC"},{"PrincipalSID":"MEGABANK.LOCAL-S-1-5-32-544","PrincipalType":"Group","RightName":"GenericWrite","IsInherited":true,"InheritanceHash":"62C26D4FB3FF64505B03CDD35D648DFBC6C157CC"}],"ObjectIdentifier":"ECF00E84-2A00-4C4B-84B6-AA1CD07703C5","IsDeleted":false,"IsACLProtected":false,"ContainedBy":{"ObjectIdentifier":"S-1-5-21-1392959593-3013219662-3596683436","ObjectType":"Domain"}},{"GPOChanges":{"LocalAdmins":[],"RemoteDesktopUsers":[],"DcomUsers":[],"PSRemoteUsers":[],"AffectedComputers":[]},"Properties":{"domain":"MEGABANK.LOCAL","name":"GROUPS@MEGABANK.LOCAL","distinguishedname":"OU=GROUPS,DC=MEGABANK,DC=LOCAL","domainsid":"S-1-5-21-1392959593-3013219662-3596683436","isaclprotected":false,"whencreated":1569476131,"blocksinheritance":false},"Links":[],"ChildObjects":[],"InheritanceHashes":[],"Aces":[{"PrincipalSID":"S-1-5-21-1392959593-3013219662-3596683436-512","PrincipalType":"Group","RightName":"Owns","IsInherited":false,"InheritanceHash":""},{"PrincipalSID":"S-1-5-21-1392959593-3013219662-3596683436-512","PrincipalType":"Group","RightName":"GenericAll","IsInherited":false,"InheritanceHash":""},{"PrincipalSID":"S-1-5-21-1392959593-3013219662-3596683436-519","PrincipalType":"Group","RightName":"GenericAll","IsInherited":true,"InheritanceHash":"4904C0269210A04301182779BAC253C22EA9F9D6"},{"PrincipalSID":"MEGABANK.LOCAL-S-1-5-32-544","PrincipalType":"Group","RightName":"WriteDacl","IsInherited":true,"InheritanceHash":"62C26D4FB3FF64505B03CDD35D648DFBC6C157CC"},{"PrincipalSID":"MEGABANK.LOCAL-S-1-5-32-544","PrincipalType":"Group","RightName":"WriteOwner","IsInherited":true,"InheritanceHash":"62C26D4FB3FF64505B03CDD35D648DFBC6C157CC"},{"PrincipalSID":"MEGABANK.LOCAL-S-1-5-32-544","PrincipalType":"Group","RightName":"GenericWrite","IsInherited":true,"InheritanceHash":"62C26D4FB3FF64505B03CDD35D648DFBC6C157CC"}],"ObjectIdentifier":"29D77B98-A3B4-4B62-AEBC-DA1B5C491DFE","IsDeleted":false,"IsACLProtected":false,"ContainedBy":{"ObjectIdentifier":"S-1-5-21-1392959593-3013219662-3596683436","ObjectType":"Domain"}},{"GPOChanges":{"LocalAdmins":[],"RemoteDesktopUsers":[],"DcomUsers":[],"PSRemoteUsers":[],"AffectedComputers":[]},"Properties":{"domain":"MEGABANK.LOCAL","name":"MEGABANK USERS@MEGABANK.LOCAL","distinguishedname":"OU=MEGABANK USERS,DC=MEGABANK,DC=LOCAL","domainsid":"S-1-5-21-1392959593-3013219662-3596683436","isaclprotected":false,"whencreated":1569556442,"blocksinheritance":false},"Links":[],"ChildObjects":[],"InheritanceHashes":[],"Aces":[{"PrincipalSID":"S-1-5-21-1392959593-3013219662-3596683436-512","PrincipalType":"Group","RightName":"Owns","IsInherited":false,"InheritanceHash":""},{"PrincipalSID":"S-1-5-21-1392959593-3013219662-3596683436-512","PrincipalType":"Group","RightName":"GenericAll","IsInherited":false,"InheritanceHash":""},{"PrincipalSID":"S-1-5-21-1392959593-3013219662-3596683436-519","PrincipalType":"Group","RightName":"GenericAll","IsInherited":true,"InheritanceHash":"4904C0269210A04301182779BAC253C22EA9F9D6"},{"PrincipalSID":"MEGABANK.LOCAL-S-1-5-32-544","PrincipalType":"Group","RightName":"WriteDacl","IsInherited":true,"InheritanceHash":"62C26D4FB3FF64505B03CDD35D648DFBC6C157CC"},{"PrincipalSID":"MEGABANK.LOCAL-S-1-5-32-544","PrincipalType":"Group","RightName":"WriteOwner","IsInherited":true,"InheritanceHash":"62C26D4FB3FF64505B03CDD35D648DFBC6C157CC"},{"PrincipalSID":"MEGABANK.LOCAL-S-1-5-32-544","PrincipalType":"Group","RightName":"GenericWrite","IsInherited":true,"InheritanceHash":"62C26D4FB3FF64505B03CDD35D648DFBC6C157CC"}],"ObjectIdentifier":"900D96D6-1128-4946-BD9E-C5F29BA4235B","IsDeleted":false,"IsACLProtected":false,"ContainedBy":{"ObjectIdentifier":"S-1-5-21-1392959593-3013219662-3596683436","ObjectType":"Domain"}},{"GPOChanges":{"LocalAdmins":[],"RemoteDesktopUsers":[],"DcomUsers":[],"PSRemoteUsers":[],"AffectedComputers":[]},"Properties":{"domain":"MEGABANK.LOCAL","name":"EMPLOYEES@MEGABANK.LOCAL","distinguishedname":"OU=EMPLOYEES,OU=MEGABANK USERS,DC=MEGABANK,DC=LOCAL","domainsid":"S-1-5-21-1392959593-3013219662-3596683436","isaclprotected":false,"whencreated":1569556452,"blocksinheritance":false},"Links":[],"ChildObjects":[],"InheritanceHashes":[],"Aces":[{"PrincipalSID":"S-1-5-21-1392959593-3013219662-3596683436-512","PrincipalType":"Group","RightName":"Owns","IsInherited":false,"InheritanceHash":""},{"PrincipalSID":"S-1-5-21-1392959593-3013219662-3596683436-512","PrincipalType":"Group","RightName":"GenericAll","IsInherited":false,"InheritanceHash":""},{"PrincipalSID":"S-1-5-21-1392959593-3013219662-3596683436-519","PrincipalType":"Group","RightName":"GenericAll","IsInherited":true,"InheritanceHash":"4904C0269210A04301182779BAC253C22EA9F9D6"},{"PrincipalSID":"MEGABANK.LOCAL-S-1-5-32-544","PrincipalType":"Group","RightName":"WriteDacl","IsInherited":true,"InheritanceHash":"62C26D4FB3FF64505B03CDD35D648DFBC6C157CC"},{"PrincipalSID":"MEGABANK.LOCAL-S-1-5-32-544","PrincipalType":"Group","RightName":"WriteOwner","IsInherited":true,"InheritanceHash":"62C26D4FB3FF64505B03CDD35D648DFBC6C157CC"},{"PrincipalSID":"MEGABANK.LOCAL-S-1-5-32-544","PrincipalType":"Group","RightName":"GenericWrite","IsInherited":true,"InheritanceHash":"62C26D4FB3FF64505B03CDD35D648DFBC6C157CC"}],"ObjectIdentifier":"C284FDDA-3EA0-49D5-A1C4-1CD9D39779B7","IsDeleted":false,"IsACLProtected":false,"ContainedBy":{"ObjectIdentifier":"900D96D6-1128-4946-BD9E-C5F29BA4235B","ObjectType":"OU"}},{"GPOChanges":{"LocalAdmins":[],"RemoteDesktopUsers":[],"DcomUsers":[],"PSRemoteUsers":[],"AffectedComputers":[]},"Properties":{"domain":"MEGABANK.LOCAL","name":"CONTRACTORS@MEGABANK.LOCAL","distinguishedname":"OU=CONTRACTORS,OU=MEGABANK USERS,DC=MEGABANK,DC=LOCAL","domainsid":"S-1-5-21-1392959593-3013219662-3596683436","isaclprotected":false,"whencreated":1569556463,"blocksinheritance":false},"Links":[],"ChildObjects":[],"InheritanceHashes":[],"Aces":[{"PrincipalSID":"S-1-5-21-1392959593-3013219662-3596683436-512","PrincipalType":"Group","RightName":"Owns","IsInherited":false,"InheritanceHash":""},{"PrincipalSID":"S-1-5-21-1392959593-3013219662-3596683436-512","PrincipalType":"Group","RightName":"GenericAll","IsInherited":false,"InheritanceHash":""},{"PrincipalSID":"S-1-5-21-1392959593-3013219662-3596683436-519","PrincipalType":"Group","RightName":"GenericAll","IsInherited":true,"InheritanceHash":"4904C0269210A04301182779BAC253C22EA9F9D6"},{"PrincipalSID":"MEGABANK.LOCAL-S-1-5-32-544","PrincipalType":"Group","RightName":"WriteDacl","IsInherited":true,"InheritanceHash":"62C26D4FB3FF64505B03CDD35D648DFBC6C157CC"},{"PrincipalSID":"MEGABANK.LOCAL-S-1-5-32-544","PrincipalType":"Group","RightName":"WriteOwner","IsInherited":true,"InheritanceHash":"62C26D4FB3FF64505B03CDD35D648DFBC6C157CC"},{"PrincipalSID":"MEGABANK.LOCAL-S-1-5-32-544","PrincipalType":"Group","RightName":"GenericWrite","IsInherited":true,"InheritanceHash":"62C26D4FB3FF64505B03CDD35D648DFBC6C157CC"}],"ObjectIdentifier":"A08197AF-7F38-4FAD-AAF9-DCEFC7FD2CD9","IsDeleted":false,"IsACLProtected":false,"ContainedBy":{"ObjectIdentifier":"900D96D6-1128-4946-BD9E-C5F29BA4235B","ObjectType":"OU"}},{"GPOChanges":{"LocalAdmins":[],"RemoteDesktopUsers":[],"DcomUsers":[],"PSRemoteUsers":[],"AffectedComputers":[{"ObjectIdentifier":"S-1-5-21-1392959593-3013219662-3596683436-1000","ObjectType":"Computer"}]},"Properties":{"domain":"MEGABANK.LOCAL","name":"DOMAIN CONTROLLERS@MEGABANK.LOCAL","distinguishedname":"OU=DOMAIN CONTROLLERS,DC=MEGABANK,DC=LOCAL","domainsid":"S-1-5-21-1392959593-3013219662-3596683436","isaclprotected":false,"description":"Default container for domain controllers","whencreated":1569392911,"blocksinheritance":false},"Links":[{"IsEnforced":false,"GUID":"42E7D12B-B3E0-41C8-BEA7-F1BE7295B890"}],"ChildObjects":[],"InheritanceHashes":[],"Aces":[{"PrincipalSID":"S-1-5-21-1392959593-3013219662-3596683436-512","PrincipalType":"Group","RightName":"Owns","IsInherited":false,"InheritanceHash":""},{"PrincipalSID":"S-1-5-21-1392959593-3013219662-3596683436-512","PrincipalType":"Group","RightName":"WriteDacl","IsInherited":false,"InheritanceHash":""},{"PrincipalSID":"S-1-5-21-1392959593-3013219662-3596683436-512","PrincipalType":"Group","RightName":"WriteOwner","IsInherited":false,"InheritanceHash":""},{"PrincipalSID":"S-1-5-21-1392959593-3013219662-3596683436-512","PrincipalType":"Group","RightName":"GenericWrite","IsInherited":false,"InheritanceHash":""},{"PrincipalSID":"S-1-5-21-1392959593-3013219662-3596683436-519","PrincipalType":"Group","RightName":"GenericAll","IsInherited":true,"InheritanceHash":"4904C0269210A04301182779BAC253C22EA9F9D6"},{"PrincipalSID":"MEGABANK.LOCAL-S-1-5-32-544","PrincipalType":"Group","RightName":"WriteDacl","IsInherited":true,"InheritanceHash":"62C26D4FB3FF64505B03CDD35D648DFBC6C157CC"},{"PrincipalSID":"MEGABANK.LOCAL-S-1-5-32-544","PrincipalType":"Group","RightName":"WriteOwner","IsInherited":true,"InheritanceHash":"62C26D4FB3FF64505B03CDD35D648DFBC6C157CC"},{"PrincipalSID":"MEGABANK.LOCAL-S-1-5-32-544","PrincipalType":"Group","RightName":"GenericWrite","IsInherited":true,"InheritanceHash":"62C26D4FB3FF64505B03CDD35D648DFBC6C157CC"}],"ObjectIdentifier":"12316BD2-FE27-413A-90D0-471B6F5E7497","IsDeleted":false,"IsACLProtected":false,"ContainedBy":{"ObjectIdentifier":"S-1-5-21-1392959593-3013219662-3596683436","ObjectType":"Domain"}}],"meta":{"methods":521215,"type":"ous","count":6,"version":6,"collectorversion":"2.5.13.0"}}