{"data":[{"GPOChanges":{"LocalAdmins":[],"RemoteDesktopUsers":[],"DcomUsers":[],"PSRemoteUsers":[],"AffectedComputers":[{"ObjectIdentifier":"S-1-5-21-1392959593-3013219662-3596683436-1000","ObjectType":"Computer"},{"ObjectIdentifier":"S-1-5-21-1392959593-3013219662-3596683436-1104","ObjectType":"Computer"}]},"Properties":{"domain":"MEGABANK.LOCAL","name":"MEGABANK.LOCAL","distinguishedname":"DC=MEGABANK,DC=LOCAL","domainsid":"S-1-5-21-1392959593-3013219662-3596683436","isaclprotected":false,"whencreated":1569392902,"expirepasswordsonsmartcardonlyaccounts":true,"machineaccountquota":10,"minpwdlength":7,"pwdproperties":0,"pwdhistorylength":24,"lockoutthreshold":0,"minpwdage":"1 day","maxpwdage":"Forever","lockoutduration":"30 minutes","lockoutobservationwindow":-18000000000,"functionallevel":"2016","dsheuristics":"0000002","collected":true},"ChildObjects":[],"Trusts":[],"Links":[{"IsEnforced":false,"GUID":"CF88BD53-DAA0-43D5-9211-2676D5F6C1C1"}],"InheritanceHashes":["0C3F48C59439D4423E58DCF41DFCB8351B9A70C4","62C26D4FB3FF64505B03CDD35D648DFBC6C157CC","8A7E70B9447D3D266713CC63539109610AAA6F86","4904C0269210A04301182779BAC253C22EA9F9D6","3394B12047D813D8E785125F70F036295659396E","82F1118FBA43CD2991735436A4256B6401296391","C8CE4AAA5C895484A901F72D613EFA95438BFA1A","79E657916A6257A3890516F4B5C5749385CE5F20","59E396EE9D1563738E09F4AFF5AD9F6A2B49ED81","1E2C5E5D6036945B25A0266659639802036FDAE6","AD62F7A1BB2E428E66401E93ACBDC1E6A34D4864","E1C1F88380C64D78D0BEF0E1577C1C65F4F05774"],"ForestRootIdentifier":"S-1-5-21-1392959593-3013219662-3596683436","Aces":[{"PrincipalSID":"MEGABANK.LOCAL-S-1-5-32-544","PrincipalType":"Group","RightName":"Owns","IsInherited":false,"InheritanceHash":""},{"PrincipalSID":"MEGABANK.LOCAL-S-1-5-32-544","PrincipalType":"Group","RightName":"WriteDacl","IsInherited":false,"InheritanceHash":""},{"PrincipalSID":"MEGABANK.LOCAL-S-1-5-32-544","PrincipalType":"Group","RightName":"WriteOwner","IsInherited":false,"InheritanceHash":""},{"PrincipalSID":"MEGABANK.LOCAL-S-1-5-32-544","PrincipalType":"Group","RightName":"AllExtendedRights","IsInherited":false,"InheritanceHash":""},{"PrincipalSID":"MEGABANK.LOCAL-S-1-5-32-544","PrincipalType":"Group","RightName":"GenericWrite","IsInherited":false,"InheritanceHash":""},{"PrincipalSID":"S-1-5-21-1392959593-3013219662-3596683436-512","PrincipalType":"Group","RightName":"WriteDacl","IsInherited":false,"InheritanceHash":""},{"PrincipalSID":"S-1-5-21-1392959593-3013219662-3596683436-512","PrincipalType":"Group","RightName":"WriteOwner","IsInherited":false,"InheritanceHash":""},{"PrincipalSID":"S-1-5-21-1392959593-3013219662-3596683436-512","PrincipalType":"Group","RightName":"AllExtendedRights","IsInherited":false,"InheritanceHash":""},{"PrincipalSID":"S-1-5-21-1392959593-3013219662-3596683436-512","PrincipalType":"Group","RightName":"GenericWrite","IsInherited":false,"InheritanceHash":""},{"PrincipalSID":"S-1-5-21-1392959593-3013219662-3596683436-519","PrincipalType":"Group","RightName":"GenericAll","IsInherited":false,"InheritanceHash":""},{"PrincipalSID":"MEGABANK.LOCAL-S-1-5-9","PrincipalType":"Group","RightName":"GetChanges","IsInherited":false,"InheritanceHash":""},{"PrincipalSID":"MEGABANK.LOCAL-S-1-5-9","PrincipalType":"Group","RightName":"GetChangesInFilteredSet","IsInherited":false,"InheritanceHash":""},{"PrincipalSID":"MEGABANK.LOCAL-S-1-5-32-544","PrincipalType":"Group","RightName":"GetChanges","IsInherited":false,"InheritanceHash":""},{"PrincipalSID":"MEGABANK.LOCAL-S-1-5-32-544","PrincipalType":"Group","RightName":"GetChangesAll","IsInherited":false,"InheritanceHash":""},{"PrincipalSID":"MEGABANK.LOCAL-S-1-5-32-544","PrincipalType":"Group","RightName":"GetChangesInFilteredSet","IsInherited":false,"InheritanceHash":""},{"PrincipalSID":"S-1-5-21-1392959593-3013219662-3596683436-498","PrincipalType":"Group","RightName":"GetChanges","IsInherited":false,"InheritanceHash":""},{"PrincipalSID":"S-1-5-21-1392959593-3013219662-3596683436-516","PrincipalType":"Group","RightName":"GetChangesAll","IsInherited":false,"InheritanceHash":""}],"ObjectIdentifier":"S-1-5-21-1392959593-3013219662-3596683436","IsDeleted":false,"IsACLProtected":false,"ContainedBy":null}],"meta":{"methods":521215,"type":"domains","count":1,"version":6,"collectorversion":"2.5.13.0"}}