{"data":[{"Properties":{"domain":"BLACKFIELD.LOCAL","name":"PC01.BLACKFIELD.LOCAL","distinguishedname":"CN=PC01,CN=COMPUTERS,DC=BLACKFIELD,DC=LOCAL","domainsid":"S-1-5-21-4194615774-2175524697-3563712290","samaccountname":"PC01$","haslaps":false,"isaclprotected":false,"whencreated":1582907018,"enabled":true,"unconstraineddelegation":false,"trustedtoauth":false,"isdc":false,"encryptedtextpwdallowed":false,"usedeskeyonly":false,"logonscriptenabled":false,"lockedout":false,"passwordexpired":false,"supportedencryptiontypes":null,"lastlogon":0,"lastlogontimestamp":-1,"pwdlastset":1582935818,"serviceprincipalnames":[],"email":null,"useraccountcontrol":4128,"operatingsystem":null,"sidhistory":[]},"PrimaryGroupSID":"S-1-5-21-4194615774-2175524697-3563712290-515","AllowedToDelegate":[],"AllowedToAct":[],"HasSIDHistory":[],"DumpSMSAPassword":[],"Sessions":{"Results":[],"Collected":false,"FailureReason":null},"PrivilegedSessions":{"Results":[],"Collected":false,"FailureReason":null},"RegistrySessions":{"Results":[],"Collected":false,"FailureReason":null},"LocalGroups":[],"UserRights":[],"DCRegistryData":{"CertificateMappingMethods":null,"StrongCertificateBindingEnforcement":null},"Status":{"Connectable":false,"Error":"NotActive"},"IsDC":false,"UnconstrainedDelegation":false,"DomainSID":"S-1-5-21-4194615774-2175524697-3563712290","Aces":[{"PrincipalSID":"S-1-5-21-4194615774-2175524697-3563712290-512","PrincipalType":"Group","RightName":"Owns","IsInherited":false,"InheritanceHash":""},{"PrincipalSID":"BLACKFIELD.LOCAL-S-1-5-32-548","PrincipalType":"Group","RightName":"GenericAll","IsInherited":false,"InheritanceHash":""},{"PrincipalSID":"S-1-5-21-4194615774-2175524697-3563712290-512","PrincipalType":"Group","RightName":"GenericAll","IsInherited":false,"InheritanceHash":""},{"PrincipalSID":"S-1-5-21-4194615774-2175524697-3563712290-512","PrincipalType":"Group","RightName":"WriteAccountRestrictions","IsInherited":false,"InheritanceHash":""},{"PrincipalSID":"S-1-5-21-4194615774-2175524697-3563712290-526","PrincipalType":"Group","RightName":"AddKeyCredentialLink","IsInherited":true,"InheritanceHash":"74ACC9A5F3B209FB46FFCC33F2D9B543775E79E9"},{"PrincipalSID":"S-1-5-21-4194615774-2175524697-3563712290-527","PrincipalType":"Group","RightName":"AddKeyCredentialLink","IsInherited":true,"InheritanceHash":"368D86FDAA14CAD985851E2ED6B5D1D69B426C49"},{"PrincipalSID":"S-1-5-21-4194615774-2175524697-3563712290-519","PrincipalType":"Group","RightName":"GenericAll","IsInherited":true,"InheritanceHash":"7037D6E66EC33AC094334B9EF9EF8DBF84660DFA"},{"PrincipalSID":"BLACKFIELD.LOCAL-S-1-5-32-544","PrincipalType":"Group","RightName":"WriteDacl","IsInherited":true,"InheritanceHash":"62C26D4FB3FF64505B03CDD35D648DFBC6C157CC"},{"PrincipalSID":"BLACKFIELD.LOCAL-S-1-5-32-544","PrincipalType":"Group","RightName":"WriteOwner","IsInherited":true,"InheritanceHash":"62C26D4FB3FF64505B03CDD35D648DFBC6C157CC"},{"PrincipalSID":"BLACKFIELD.LOCAL-S-1-5-32-544","PrincipalType":"Group","RightName":"GenericWrite","IsInherited":true,"InheritanceHash":"62C26D4FB3FF64505B03CDD35D648DFBC6C157CC"}],"ObjectIdentifier":"S-1-5-21-4194615774-2175524697-3563712290-1415","IsDeleted":false,"IsACLProtected":false,"ContainedBy":{"ObjectIdentifier":"543854A8-CB6C-4146-A2DE-3321032BC5C4","ObjectType":"Container"}},{"Properties":{"domain":"BLACKFIELD.LOCAL","name":"PC02.BLACKFIELD.LOCAL","distinguishedname":"CN=PC02,CN=COMPUTERS,DC=BLACKFIELD,DC=LOCAL","domainsid":"S-1-5-21-4194615774-2175524697-3563712290","samaccountname":"PC02$","haslaps":false,"isaclprotected":false,"whencreated":1582907026,"enabled":true,"unconstraineddelegation":false,"trustedtoauth":false,"isdc":false,"encryptedtextpwdallowed":false,"usedeskeyonly":false,"logonscriptenabled":false,"lockedout":false,"passwordexpired":false,"supportedencryptiontypes":null,"lastlogon":0,"lastlogontimestamp":-1,"pwdlastset":1582935826,"serviceprincipalnames":[],"email":null,"useraccountcontrol":4128,"operatingsystem":null,"sidhistory":[]},"PrimaryGroupSID":"S-1-5-21-4194615774-2175524697-3563712290-515","AllowedToDelegate":[],"AllowedToAct":[],"HasSIDHistory":[],"DumpSMSAPassword":[],"Sessions":{"Results":[],"Collected":false,"FailureReason":null},"PrivilegedSessions":{"Results":[],"Collected":false,"FailureReason":null},"RegistrySessions":{"Results":[],"Collected":false,"FailureReason":null},"LocalGroups":[],"UserRights":[],"DCRegistryData":{"CertificateMappingMethods":null,"StrongCertificateBindingEnforcement":null},"Status":{"Connectable":false,"Error":"NotActive"},"IsDC":false,"UnconstrainedDelegation":false,"DomainSID":"S-1-5-21-4194615774-2175524697-3563712290","Aces":[{"PrincipalSID":"S-1-5-21-4194615774-2175524697-3563712290-512","PrincipalType":"Group","RightName":"Owns","IsInherited":false,"InheritanceHash":""},{"PrincipalSID":"BLACKFIELD.LOCAL-S-1-5-32-548","PrincipalType":"Group","RightName":"GenericAll","IsInherited":false,"InheritanceHash":""},{"PrincipalSID":"S-1-5-21-4194615774-2175524697-3563712290-512","PrincipalType":"Group","RightName":"GenericAll","IsInherited":false,"InheritanceHash":""},{"PrincipalSID":"S-1-5-21-4194615774-2175524697-3563712290-512","PrincipalType":"Group","RightName":"WriteAccountRestrictions","IsInherited":false,"InheritanceHash":""},{"PrincipalSID":"S-1-5-21-4194615774-2175524697-3563712290-526","PrincipalType":"Group","RightName":"AddKeyCredentialLink","IsInherited":true,"InheritanceHash":"74ACC9A5F3B209FB46FFCC33F2D9B543775E79E9"},{"PrincipalSID":"S-1-5-21-4194615774-2175524697-3563712290-527","PrincipalType":"Group","RightName":"AddKeyCredentialLink","IsInherited":true,"InheritanceHash":"368D86FDAA14CAD985851E2ED6B5D1D69B426C49"},{"PrincipalSID":"S-1-5-21-4194615774-2175524697-3563712290-519","PrincipalType":"Group","RightName":"GenericAll","IsInherited":true,"InheritanceHash":"7037D6E66EC33AC094334B9EF9EF8DBF84660DFA"},{"PrincipalSID":"BLACKFIELD.LOCAL-S-1-5-32-544","PrincipalType":"Group","RightName":"WriteDacl","IsInherited":true,"InheritanceHash":"62C26D4FB3FF64505B03CDD35D648DFBC6C157CC"},{"PrincipalSID":"BLACKFIELD.LOCAL-S-1-5-32-544","PrincipalType":"Group","RightName":"WriteOwner","IsInherited":true,"InheritanceHash":"62C26D4FB3FF64505B03CDD35D648DFBC6C157CC"},{"PrincipalSID":"BLACKFIELD.LOCAL-S-1-5-32-544","PrincipalType":"Group","RightName":"GenericWrite","IsInherited":true,"InheritanceHash":"62C26D4FB3FF64505B03CDD35D648DFBC6C157CC"}],"ObjectIdentifier":"S-1-5-21-4194615774-2175524697-3563712290-1416","IsDeleted":false,"IsACLProtected":false,"ContainedBy":{"ObjectIdentifier":"543854A8-CB6C-4146-A2DE-3321032BC5C4","ObjectType":"Container"}},{"Properties":{"domain":"BLACKFIELD.LOCAL","name":"PC03.BLACKFIELD.LOCAL","distinguishedname":"CN=PC03,CN=COMPUTERS,DC=BLACKFIELD,DC=LOCAL","domainsid":"S-1-5-21-4194615774-2175524697-3563712290","samaccountname":"PC03$","haslaps":false,"isaclprotected":false,"whencreated":1582907032,"enabled":true,"unconstraineddelegation":false,"trustedtoauth":false,"isdc":false,"encryptedtextpwdallowed":false,"usedeskeyonly":false,"logonscriptenabled":false,"lockedout":false,"passwordexpired":false,"supportedencryptiontypes":null,"lastlogon":0,"lastlogontimestamp":-1,"pwdlastset":1582935832,"serviceprincipalnames":[],"email":null,"useraccountcontrol":4128,"operatingsystem":null,"sidhistory":[]},"PrimaryGroupSID":"S-1-5-21-4194615774-2175524697-3563712290-515","AllowedToDelegate":[],"AllowedToAct":[],"HasSIDHistory":[],"DumpSMSAPassword":[],"Sessions":{"Results":[],"Collected":false,"FailureReason":null},"PrivilegedSessions":{"Results":[],"Collected":false,"FailureReason":null},"RegistrySessions":{"Results":[],"Collected":false,"FailureReason":null},"LocalGroups":[],"UserRights":[],"DCRegistryData":{"CertificateMappingMethods":null,"StrongCertificateBindingEnforcement":null},"Status":{"Connectable":false,"Error":"NotActive"},"IsDC":false,"UnconstrainedDelegation":false,"DomainSID":"S-1-5-21-4194615774-2175524697-3563712290","Aces":[{"PrincipalSID":"S-1-5-21-4194615774-2175524697-3563712290-512","PrincipalType":"Group","RightName":"Owns","IsInherited":false,"InheritanceHash":""},{"PrincipalSID":"BLACKFIELD.LOCAL-S-1-5-32-548","PrincipalType":"Group","RightName":"GenericAll","IsInherited":false,"InheritanceHash":""},{"PrincipalSID":"S-1-5-21-4194615774-2175524697-3563712290-512","PrincipalType":"Group","RightName":"GenericAll","IsInherited":false,"InheritanceHash":""},{"PrincipalSID":"S-1-5-21-4194615774-2175524697-3563712290-512","PrincipalType":"Group","RightName":"WriteAccountRestrictions","IsInherited":false,"InheritanceHash":""},{"PrincipalSID":"S-1-5-21-4194615774-2175524697-3563712290-526","PrincipalType":"Group","RightName":"AddKeyCredentialLink","IsInherited":true,"InheritanceHash":"74ACC9A5F3B209FB46FFCC33F2D9B543775E79E9"},{"PrincipalSID":"S-1-5-21-4194615774-2175524697-3563712290-527","PrincipalType":"Group","RightName":"AddKeyCredentialLink","IsInherited":true,"InheritanceHash":"368D86FDAA14CAD985851E2ED6B5D1D69B426C49"},{"PrincipalSID":"S-1-5-21-4194615774-2175524697-3563712290-519","PrincipalType":"Group","RightName":"GenericAll","IsInherited":true,"InheritanceHash":"7037D6E66EC33AC094334B9EF9EF8DBF84660DFA"},{"PrincipalSID":"BLACKFIELD.LOCAL-S-1-5-32-544","PrincipalType":"Group","RightName":"WriteDacl","IsInherited":true,"InheritanceHash":"62C26D4FB3FF64505B03CDD35D648DFBC6C157CC"},{"PrincipalSID":"BLACKFIELD.LOCAL-S-1-5-32-544","PrincipalType":"Group","RightName":"WriteOwner","IsInherited":true,"InheritanceHash":"62C26D4FB3FF64505B03CDD35D648DFBC6C157CC"},{"PrincipalSID":"BLACKFIELD.LOCAL-S-1-5-32-544","PrincipalType":"Group","RightName":"GenericWrite","IsInherited":true,"InheritanceHash":"62C26D4FB3FF64505B03CDD35D648DFBC6C157CC"}],"ObjectIdentifier":"S-1-5-21-4194615774-2175524697-3563712290-1417","IsDeleted":false,"IsACLProtected":false,"ContainedBy":{"ObjectIdentifier":"543854A8-CB6C-4146-A2DE-3321032BC5C4","ObjectType":"Container"}},{"Properties":{"domain":"BLACKFIELD.LOCAL","name":"PC04.BLACKFIELD.LOCAL","distinguishedname":"CN=PC04,CN=COMPUTERS,DC=BLACKFIELD,DC=LOCAL","domainsid":"S-1-5-21-4194615774-2175524697-3563712290","samaccountname":"PC04$","haslaps":false,"isaclprotected":false,"whencreated":1582907038,"enabled":true,"unconstraineddelegation":false,"trustedtoauth":false,"isdc":false,"encryptedtextpwdallowed":false,"usedeskeyonly":false,"logonscriptenabled":false,"lockedout":false,"passwordexpired":false,"supportedencryptiontypes":null,"lastlogon":0,"lastlogontimestamp":-1,"pwdlastset":1582935838,"serviceprincipalnames":[],"email":null,"useraccountcontrol":4128,"operatingsystem":null,"sidhistory":[]},"PrimaryGroupSID":"S-1-5-21-4194615774-2175524697-3563712290-515","AllowedToDelegate":[],"AllowedToAct":[],"HasSIDHistory":[],"DumpSMSAPassword":[],"Sessions":{"Results":[],"Collected":false,"FailureReason":null},"PrivilegedSessions":{"Results":[],"Collected":false,"FailureReason":null},"RegistrySessions":{"Results":[],"Collected":false,"FailureReason":null},"LocalGroups":[],"UserRights":[],"DCRegistryData":{"CertificateMappingMethods":null,"StrongCertificateBindingEnforcement":null},"Status":{"Connectable":false,"Error":"NotActive"},"IsDC":false,"UnconstrainedDelegation":false,"DomainSID":"S-1-5-21-4194615774-2175524697-3563712290","Aces":[{"PrincipalSID":"S-1-5-21-4194615774-2175524697-3563712290-512","PrincipalType":"Group","RightName":"Owns","IsInherited":false,"InheritanceHash":""},{"PrincipalSID":"BLACKFIELD.LOCAL-S-1-5-32-548","PrincipalType":"Group","RightName":"GenericAll","IsInherited":false,"InheritanceHash":""},{"PrincipalSID":"S-1-5-21-4194615774-2175524697-3563712290-512","PrincipalType":"Group","RightName":"GenericAll","IsInherited":false,"InheritanceHash":""},{"PrincipalSID":"S-1-5-21-4194615774-2175524697-3563712290-512","PrincipalType":"Group","RightName":"WriteAccountRestrictions","IsInherited":false,"InheritanceHash":""},{"PrincipalSID":"S-1-5-21-4194615774-2175524697-3563712290-526","PrincipalType":"Group","RightName":"AddKeyCredentialLink","IsInherited":true,"InheritanceHash":"74ACC9A5F3B209FB46FFCC33F2D9B543775E79E9"},{"PrincipalSID":"S-1-5-21-4194615774-2175524697-3563712290-527","PrincipalType":"Group","RightName":"AddKeyCredentialLink","IsInherited":true,"InheritanceHash":"368D86FDAA14CAD985851E2ED6B5D1D69B426C49"},{"PrincipalSID":"S-1-5-21-4194615774-2175524697-3563712290-519","PrincipalType":"Group","RightName":"GenericAll","IsInherited":true,"InheritanceHash":"7037D6E66EC33AC094334B9EF9EF8DBF84660DFA"},{"PrincipalSID":"BLACKFIELD.LOCAL-S-1-5-32-544","PrincipalType":"Group","RightName":"WriteDacl","IsInherited":true,"InheritanceHash":"62C26D4FB3FF64505B03CDD35D648DFBC6C157CC"},{"PrincipalSID":"BLACKFIELD.LOCAL-S-1-5-32-544","PrincipalType":"Group","RightName":"WriteOwner","IsInherited":true,"InheritanceHash":"62C26D4FB3FF64505B03CDD35D648DFBC6C157CC"},{"PrincipalSID":"BLACKFIELD.LOCAL-S-1-5-32-544","PrincipalType":"Group","RightName":"GenericWrite","IsInherited":true,"InheritanceHash":"62C26D4FB3FF64505B03CDD35D648DFBC6C157CC"}],"ObjectIdentifier":"S-1-5-21-4194615774-2175524697-3563712290-1418","IsDeleted":false,"IsACLProtected":false,"ContainedBy":{"ObjectIdentifier":"543854A8-CB6C-4146-A2DE-3321032BC5C4","ObjectType":"Container"}},{"Properties":{"domain":"BLACKFIELD.LOCAL","name":"PC05.BLACKFIELD.LOCAL","distinguishedname":"CN=PC05,CN=COMPUTERS,DC=BLACKFIELD,DC=LOCAL","domainsid":"S-1-5-21-4194615774-2175524697-3563712290","samaccountname":"PC05$","haslaps":false,"isaclprotected":false,"whencreated":1582907045,"enabled":true,"unconstraineddelegation":false,"trustedtoauth":false,"isdc":false,"encryptedtextpwdallowed":false,"usedeskeyonly":false,"logonscriptenabled":false,"lockedout":false,"passwordexpired":false,"supportedencryptiontypes":null,"lastlogon":0,"lastlogontimestamp":-1,"pwdlastset":1582935845,"serviceprincipalnames":[],"email":null,"useraccountcontrol":4128,"operatingsystem":null,"sidhistory":[]},"PrimaryGroupSID":"S-1-5-21-4194615774-2175524697-3563712290-515","AllowedToDelegate":[],"AllowedToAct":[],"HasSIDHistory":[],"DumpSMSAPassword":[],"Sessions":{"Results":[],"Collected":false,"FailureReason":null},"PrivilegedSessions":{"Results":[],"Collected":false,"FailureReason":null},"RegistrySessions":{"Results":[],"Collected":false,"FailureReason":null},"LocalGroups":[],"UserRights":[],"DCRegistryData":{"CertificateMappingMethods":null,"StrongCertificateBindingEnforcement":null},"Status":{"Connectable":false,"Error":"NotActive"},"IsDC":false,"UnconstrainedDelegation":false,"DomainSID":"S-1-5-21-4194615774-2175524697-3563712290","Aces":[{"PrincipalSID":"S-1-5-21-4194615774-2175524697-3563712290-512","PrincipalType":"Group","RightName":"Owns","IsInherited":false,"InheritanceHash":""},{"PrincipalSID":"BLACKFIELD.LOCAL-S-1-5-32-548","PrincipalType":"Group","RightName":"GenericAll","IsInherited":false,"InheritanceHash":""},{"PrincipalSID":"S-1-5-21-4194615774-2175524697-3563712290-512","PrincipalType":"Group","RightName":"GenericAll","IsInherited":false,"InheritanceHash":""},{"PrincipalSID":"S-1-5-21-4194615774-2175524697-3563712290-512","PrincipalType":"Group","RightName":"WriteAccountRestrictions","IsInherited":false,"InheritanceHash":""},{"PrincipalSID":"S-1-5-21-4194615774-2175524697-3563712290-526","PrincipalType":"Group","RightName":"AddKeyCredentialLink","IsInherited":true,"InheritanceHash":"74ACC9A5F3B209FB46FFCC33F2D9B543775E79E9"},{"PrincipalSID":"S-1-5-21-4194615774-2175524697-3563712290-527","PrincipalType":"Group","RightName":"AddKeyCredentialLink","IsInherited":true,"InheritanceHash":"368D86FDAA14CAD985851E2ED6B5D1D69B426C49"},{"PrincipalSID":"S-1-5-21-4194615774-2175524697-3563712290-519","PrincipalType":"Group","RightName":"GenericAll","IsInherited":true,"InheritanceHash":"7037D6E66EC33AC094334B9EF9EF8DBF84660DFA"},{"PrincipalSID":"BLACKFIELD.LOCAL-S-1-5-32-544","PrincipalType":"Group","RightName":"WriteDacl","IsInherited":true,"InheritanceHash":"62C26D4FB3FF64505B03CDD35D648DFBC6C157CC"},{"PrincipalSID":"BLACKFIELD.LOCAL-S-1-5-32-544","PrincipalType":"Group","RightName":"WriteOwner","IsInherited":true,"InheritanceHash":"62C26D4FB3FF64505B03CDD35D648DFBC6C157CC"},{"PrincipalSID":"BLACKFIELD.LOCAL-S-1-5-32-544","PrincipalType":"Group","RightName":"GenericWrite","IsInherited":true,"InheritanceHash":"62C26D4FB3FF64505B03CDD35D648DFBC6C157CC"}],"ObjectIdentifier":"S-1-5-21-4194615774-2175524697-3563712290-1419","IsDeleted":false,"IsACLProtected":false,"ContainedBy":{"ObjectIdentifier":"543854A8-CB6C-4146-A2DE-3321032BC5C4","ObjectType":"Container"}},{"Properties":{"domain":"BLACKFIELD.LOCAL","name":"PC06.BLACKFIELD.LOCAL","distinguishedname":"CN=PC06,CN=COMPUTERS,DC=BLACKFIELD,DC=LOCAL","domainsid":"S-1-5-21-4194615774-2175524697-3563712290","samaccountname":"PC06$","haslaps":false,"isaclprotected":false,"whencreated":1582907051,"enabled":true,"unconstraineddelegation":false,"trustedtoauth":false,"isdc":false,"encryptedtextpwdallowed":false,"usedeskeyonly":false,"logonscriptenabled":false,"lockedout":false,"passwordexpired":false,"supportedencryptiontypes":null,"lastlogon":0,"lastlogontimestamp":-1,"pwdlastset":1582935851,"serviceprincipalnames":[],"email":null,"useraccountcontrol":4128,"operatingsystem":null,"sidhistory":[]},"PrimaryGroupSID":"S-1-5-21-4194615774-2175524697-3563712290-515","AllowedToDelegate":[],"AllowedToAct":[],"HasSIDHistory":[],"DumpSMSAPassword":[],"Sessions":{"Results":[],"Collected":false,"FailureReason":null},"PrivilegedSessions":{"Results":[],"Collected":false,"FailureReason":null},"RegistrySessions":{"Results":[],"Collected":false,"FailureReason":null},"LocalGroups":[],"UserRights":[],"DCRegistryData":{"CertificateMappingMethods":null,"StrongCertificateBindingEnforcement":null},"Status":{"Connectable":false,"Error":"NotActive"},"IsDC":false,"UnconstrainedDelegation":false,"DomainSID":"S-1-5-21-4194615774-2175524697-3563712290","Aces":[{"PrincipalSID":"S-1-5-21-4194615774-2175524697-3563712290-512","PrincipalType":"Group","RightName":"Owns","IsInherited":false,"InheritanceHash":""},{"PrincipalSID":"BLACKFIELD.LOCAL-S-1-5-32-548","PrincipalType":"Group","RightName":"GenericAll","IsInherited":false,"InheritanceHash":""},{"PrincipalSID":"S-1-5-21-4194615774-2175524697-3563712290-512","PrincipalType":"Group","RightName":"GenericAll","IsInherited":false,"InheritanceHash":""},{"PrincipalSID":"S-1-5-21-4194615774-2175524697-3563712290-512","PrincipalType":"Group","RightName":"WriteAccountRestrictions","IsInherited":false,"InheritanceHash":""},{"PrincipalSID":"S-1-5-21-4194615774-2175524697-3563712290-526","PrincipalType":"Group","RightName":"AddKeyCredentialLink","IsInherited":true,"InheritanceHash":"74ACC9A5F3B209FB46FFCC33F2D9B543775E79E9"},{"PrincipalSID":"S-1-5-21-4194615774-2175524697-3563712290-527","PrincipalType":"Group","RightName":"AddKeyCredentialLink","IsInherited":true,"InheritanceHash":"368D86FDAA14CAD985851E2ED6B5D1D69B426C49"},{"PrincipalSID":"S-1-5-21-4194615774-2175524697-3563712290-519","PrincipalType":"Group","RightName":"GenericAll","IsInherited":true,"InheritanceHash":"7037D6E66EC33AC094334B9EF9EF8DBF84660DFA"},{"PrincipalSID":"BLACKFIELD.LOCAL-S-1-5-32-544","PrincipalType":"Group","RightName":"WriteDacl","IsInherited":true,"InheritanceHash":"62C26D4FB3FF64505B03CDD35D648DFBC6C157CC"},{"PrincipalSID":"BLACKFIELD.LOCAL-S-1-5-32-544","PrincipalType":"Group","RightName":"WriteOwner","IsInherited":true,"InheritanceHash":"62C26D4FB3FF64505B03CDD35D648DFBC6C157CC"},{"PrincipalSID":"BLACKFIELD.LOCAL-S-1-5-32-544","PrincipalType":"Group","RightName":"GenericWrite","IsInherited":true,"InheritanceHash":"62C26D4FB3FF64505B03CDD35D648DFBC6C157CC"}],"ObjectIdentifier":"S-1-5-21-4194615774-2175524697-3563712290-1420","IsDeleted":false,"IsACLProtected":false,"ContainedBy":{"ObjectIdentifier":"543854A8-CB6C-4146-A2DE-3321032BC5C4","ObjectType":"Container"}},{"Properties":{"domain":"BLACKFIELD.LOCAL","name":"PC07.BLACKFIELD.LOCAL","distinguishedname":"CN=PC07,CN=COMPUTERS,DC=BLACKFIELD,DC=LOCAL","domainsid":"S-1-5-21-4194615774-2175524697-3563712290","samaccountname":"PC07$","haslaps":false,"isaclprotected":false,"whencreated":1582907056,"enabled":true,"unconstraineddelegation":false,"trustedtoauth":false,"isdc":false,"encryptedtextpwdallowed":false,"usedeskeyonly":false,"logonscriptenabled":false,"lockedout":false,"passwordexpired":false,"supportedencryptiontypes":null,"lastlogon":0,"lastlogontimestamp":-1,"pwdlastset":1582935856,"serviceprincipalnames":[],"email":null,"useraccountcontrol":4128,"operatingsystem":null,"sidhistory":[]},"PrimaryGroupSID":"S-1-5-21-4194615774-2175524697-3563712290-515","AllowedToDelegate":[],"AllowedToAct":[],"HasSIDHistory":[],"DumpSMSAPassword":[],"Sessions":{"Results":[],"Collected":false,"FailureReason":null},"PrivilegedSessions":{"Results":[],"Collected":false,"FailureReason":null},"RegistrySessions":{"Results":[],"Collected":false,"FailureReason":null},"LocalGroups":[],"UserRights":[],"DCRegistryData":{"CertificateMappingMethods":null,"StrongCertificateBindingEnforcement":null},"Status":{"Connectable":false,"Error":"NotActive"},"IsDC":false,"UnconstrainedDelegation":false,"DomainSID":"S-1-5-21-4194615774-2175524697-3563712290","Aces":[{"PrincipalSID":"S-1-5-21-4194615774-2175524697-3563712290-512","PrincipalType":"Group","RightName":"Owns","IsInherited":false,"InheritanceHash":""},{"PrincipalSID":"BLACKFIELD.LOCAL-S-1-5-32-548","PrincipalType":"Group","RightName":"GenericAll","IsInherited":false,"InheritanceHash":""},{"PrincipalSID":"S-1-5-21-4194615774-2175524697-3563712290-512","PrincipalType":"Group","RightName":"GenericAll","IsInherited":false,"InheritanceHash":""},{"PrincipalSID":"S-1-5-21-4194615774-2175524697-3563712290-512","PrincipalType":"Group","RightName":"WriteAccountRestrictions","IsInherited":false,"InheritanceHash":""},{"PrincipalSID":"S-1-5-21-4194615774-2175524697-3563712290-526","PrincipalType":"Group","RightName":"AddKeyCredentialLink","IsInherited":true,"InheritanceHash":"74ACC9A5F3B209FB46FFCC33F2D9B543775E79E9"},{"PrincipalSID":"S-1-5-21-4194615774-2175524697-3563712290-527","PrincipalType":"Group","RightName":"AddKeyCredentialLink","IsInherited":true,"InheritanceHash":"368D86FDAA14CAD985851E2ED6B5D1D69B426C49"},{"PrincipalSID":"S-1-5-21-4194615774-2175524697-3563712290-519","PrincipalType":"Group","RightName":"GenericAll","IsInherited":true,"InheritanceHash":"7037D6E66EC33AC094334B9EF9EF8DBF84660DFA"},{"PrincipalSID":"BLACKFIELD.LOCAL-S-1-5-32-544","PrincipalType":"Group","RightName":"WriteDacl","IsInherited":true,"InheritanceHash":"62C26D4FB3FF64505B03CDD35D648DFBC6C157CC"},{"PrincipalSID":"BLACKFIELD.LOCAL-S-1-5-32-544","PrincipalType":"Group","RightName":"WriteOwner","IsInherited":true,"InheritanceHash":"62C26D4FB3FF64505B03CDD35D648DFBC6C157CC"},{"PrincipalSID":"BLACKFIELD.LOCAL-S-1-5-32-544","PrincipalType":"Group","RightName":"GenericWrite","IsInherited":true,"InheritanceHash":"62C26D4FB3FF64505B03CDD35D648DFBC6C157CC"}],"ObjectIdentifier":"S-1-5-21-4194615774-2175524697-3563712290-1421","IsDeleted":false,"IsACLProtected":false,"ContainedBy":{"ObjectIdentifier":"543854A8-CB6C-4146-A2DE-3321032BC5C4","ObjectType":"Container"}},{"Properties":{"domain":"BLACKFIELD.LOCAL","name":"PC08.BLACKFIELD.LOCAL","distinguishedname":"CN=PC08,CN=COMPUTERS,DC=BLACKFIELD,DC=LOCAL","domainsid":"S-1-5-21-4194615774-2175524697-3563712290","samaccountname":"PC08$","haslaps":false,"isaclprotected":false,"whencreated":1582907065,"enabled":true,"unconstraineddelegation":false,"trustedtoauth":false,"isdc":false,"encryptedtextpwdallowed":false,"usedeskeyonly":false,"logonscriptenabled":false,"lockedout":false,"passwordexpired":false,"supportedencryptiontypes":null,"lastlogon":0,"lastlogontimestamp":-1,"pwdlastset":1582935865,"serviceprincipalnames":[],"email":null,"useraccountcontrol":4128,"operatingsystem":null,"sidhistory":[]},"PrimaryGroupSID":"S-1-5-21-4194615774-2175524697-3563712290-515","AllowedToDelegate":[],"AllowedToAct":[],"HasSIDHistory":[],"DumpSMSAPassword":[],"Sessions":{"Results":[],"Collected":false,"FailureReason":null},"PrivilegedSessions":{"Results":[],"Collected":false,"FailureReason":null},"RegistrySessions":{"Results":[],"Collected":false,"FailureReason":null},"LocalGroups":[],"UserRights":[],"DCRegistryData":{"CertificateMappingMethods":null,"StrongCertificateBindingEnforcement":null},"Status":{"Connectable":false,"Error":"NotActive"},"IsDC":false,"UnconstrainedDelegation":false,"DomainSID":"S-1-5-21-4194615774-2175524697-3563712290","Aces":[{"PrincipalSID":"S-1-5-21-4194615774-2175524697-3563712290-512","PrincipalType":"Group","RightName":"Owns","IsInherited":false,"InheritanceHash":""},{"PrincipalSID":"BLACKFIELD.LOCAL-S-1-5-32-548","PrincipalType":"Group","RightName":"GenericAll","IsInherited":false,"InheritanceHash":""},{"PrincipalSID":"S-1-5-21-4194615774-2175524697-3563712290-512","PrincipalType":"Group","RightName":"GenericAll","IsInherited":false,"InheritanceHash":""},{"PrincipalSID":"S-1-5-21-4194615774-2175524697-3563712290-512","PrincipalType":"Group","RightName":"WriteAccountRestrictions","IsInherited":false,"InheritanceHash":""},{"PrincipalSID":"S-1-5-21-4194615774-2175524697-3563712290-526","PrincipalType":"Group","RightName":"AddKeyCredentialLink","IsInherited":true,"InheritanceHash":"74ACC9A5F3B209FB46FFCC33F2D9B543775E79E9"},{"PrincipalSID":"S-1-5-21-4194615774-2175524697-3563712290-527","PrincipalType":"Group","RightName":"AddKeyCredentialLink","IsInherited":true,"InheritanceHash":"368D86FDAA14CAD985851E2ED6B5D1D69B426C49"},{"PrincipalSID":"S-1-5-21-4194615774-2175524697-3563712290-519","PrincipalType":"Group","RightName":"GenericAll","IsInherited":true,"InheritanceHash":"7037D6E66EC33AC094334B9EF9EF8DBF84660DFA"},{"PrincipalSID":"BLACKFIELD.LOCAL-S-1-5-32-544","PrincipalType":"Group","RightName":"WriteDacl","IsInherited":true,"InheritanceHash":"62C26D4FB3FF64505B03CDD35D648DFBC6C157CC"},{"PrincipalSID":"BLACKFIELD.LOCAL-S-1-5-32-544","PrincipalType":"Group","RightName":"WriteOwner","IsInherited":true,"InheritanceHash":"62C26D4FB3FF64505B03CDD35D648DFBC6C157CC"},{"PrincipalSID":"BLACKFIELD.LOCAL-S-1-5-32-544","PrincipalType":"Group","RightName":"GenericWrite","IsInherited":true,"InheritanceHash":"62C26D4FB3FF64505B03CDD35D648DFBC6C157CC"}],"ObjectIdentifier":"S-1-5-21-4194615774-2175524697-3563712290-1422","IsDeleted":false,"IsACLProtected":false,"ContainedBy":{"ObjectIdentifier":"543854A8-CB6C-4146-A2DE-3321032BC5C4","ObjectType":"Container"}},{"Properties":{"domain":"BLACKFIELD.LOCAL","name":"PC09.BLACKFIELD.LOCAL","distinguishedname":"CN=PC09,CN=COMPUTERS,DC=BLACKFIELD,DC=LOCAL","domainsid":"S-1-5-21-4194615774-2175524697-3563712290","samaccountname":"PC09$","haslaps":false,"isaclprotected":false,"whencreated":1582907070,"enabled":true,"unconstraineddelegation":false,"trustedtoauth":false,"isdc":false,"encryptedtextpwdallowed":false,"usedeskeyonly":false,"logonscriptenabled":false,"lockedout":false,"passwordexpired":false,"supportedencryptiontypes":null,"lastlogon":0,"lastlogontimestamp":-1,"pwdlastset":1582935870,"serviceprincipalnames":[],"email":null,"useraccountcontrol":4128,"operatingsystem":null,"sidhistory":[]},"PrimaryGroupSID":"S-1-5-21-4194615774-2175524697-3563712290-515","AllowedToDelegate":[],"AllowedToAct":[],"HasSIDHistory":[],"DumpSMSAPassword":[],"Sessions":{"Results":[],"Collected":false,"FailureReason":null},"PrivilegedSessions":{"Results":[],"Collected":false,"FailureReason":null},"RegistrySessions":{"Results":[],"Collected":false,"FailureReason":null},"LocalGroups":[],"UserRights":[],"DCRegistryData":{"CertificateMappingMethods":null,"StrongCertificateBindingEnforcement":null},"Status":{"Connectable":false,"Error":"NotActive"},"IsDC":false,"UnconstrainedDelegation":false,"DomainSID":"S-1-5-21-4194615774-2175524697-3563712290","Aces":[{"PrincipalSID":"S-1-5-21-4194615774-2175524697-3563712290-512","PrincipalType":"Group","RightName":"Owns","IsInherited":false,"InheritanceHash":""},{"PrincipalSID":"BLACKFIELD.LOCAL-S-1-5-32-548","PrincipalType":"Group","RightName":"GenericAll","IsInherited":false,"InheritanceHash":""},{"PrincipalSID":"S-1-5-21-4194615774-2175524697-3563712290-512","PrincipalType":"Group","RightName":"GenericAll","IsInherited":false,"InheritanceHash":""},{"PrincipalSID":"S-1-5-21-4194615774-2175524697-3563712290-512","PrincipalType":"Group","RightName":"WriteAccountRestrictions","IsInherited":false,"InheritanceHash":""},{"PrincipalSID":"S-1-5-21-4194615774-2175524697-3563712290-526","PrincipalType":"Group","RightName":"AddKeyCredentialLink","IsInherited":true,"InheritanceHash":"74ACC9A5F3B209FB46FFCC33F2D9B543775E79E9"},{"PrincipalSID":"S-1-5-21-4194615774-2175524697-3563712290-527","PrincipalType":"Group","RightName":"AddKeyCredentialLink","IsInherited":true,"InheritanceHash":"368D86FDAA14CAD985851E2ED6B5D1D69B426C49"},{"PrincipalSID":"S-1-5-21-4194615774-2175524697-3563712290-519","PrincipalType":"Group","RightName":"GenericAll","IsInherited":true,"InheritanceHash":"7037D6E66EC33AC094334B9EF9EF8DBF84660DFA"},{"PrincipalSID":"BLACKFIELD.LOCAL-S-1-5-32-544","PrincipalType":"Group","RightName":"WriteDacl","IsInherited":true,"InheritanceHash":"62C26D4FB3FF64505B03CDD35D648DFBC6C157CC"},{"PrincipalSID":"BLACKFIELD.LOCAL-S-1-5-32-544","PrincipalType":"Group","RightName":"WriteOwner","IsInherited":true,"InheritanceHash":"62C26D4FB3FF64505B03CDD35D648DFBC6C157CC"},{"PrincipalSID":"BLACKFIELD.LOCAL-S-1-5-32-544","PrincipalType":"Group","RightName":"GenericWrite","IsInherited":true,"InheritanceHash":"62C26D4FB3FF64505B03CDD35D648DFBC6C157CC"}],"ObjectIdentifier":"S-1-5-21-4194615774-2175524697-3563712290-1423","IsDeleted":false,"IsACLProtected":false,"ContainedBy":{"ObjectIdentifier":"543854A8-CB6C-4146-A2DE-3321032BC5C4","ObjectType":"Container"}},{"Properties":{"domain":"BLACKFIELD.LOCAL","name":"PC10.BLACKFIELD.LOCAL","distinguishedname":"CN=PC10,CN=COMPUTERS,DC=BLACKFIELD,DC=LOCAL","domainsid":"S-1-5-21-4194615774-2175524697-3563712290","samaccountname":"PC10$","haslaps":false,"isaclprotected":false,"whencreated":1582907076,"enabled":true,"unconstraineddelegation":false,"trustedtoauth":false,"isdc":false,"encryptedtextpwdallowed":false,"usedeskeyonly":false,"logonscriptenabled":false,"lockedout":false,"passwordexpired":false,"supportedencryptiontypes":null,"lastlogon":0,"lastlogontimestamp":-1,"pwdlastset":1582935876,"serviceprincipalnames":[],"email":null,"useraccountcontrol":4128,"operatingsystem":null,"sidhistory":[]},"PrimaryGroupSID":"S-1-5-21-4194615774-2175524697-3563712290-515","AllowedToDelegate":[],"AllowedToAct":[],"HasSIDHistory":[],"DumpSMSAPassword":[],"Sessions":{"Results":[],"Collected":false,"FailureReason":null},"PrivilegedSessions":{"Results":[],"Collected":false,"FailureReason":null},"RegistrySessions":{"Results":[],"Collected":false,"FailureReason":null},"LocalGroups":[],"UserRights":[],"DCRegistryData":{"CertificateMappingMethods":null,"StrongCertificateBindingEnforcement":null},"Status":{"Connectable":false,"Error":"NotActive"},"IsDC":false,"UnconstrainedDelegation":false,"DomainSID":"S-1-5-21-4194615774-2175524697-3563712290","Aces":[{"PrincipalSID":"S-1-5-21-4194615774-2175524697-3563712290-512","PrincipalType":"Group","RightName":"Owns","IsInherited":false,"InheritanceHash":""},{"PrincipalSID":"BLACKFIELD.LOCAL-S-1-5-32-548","PrincipalType":"Group","RightName":"GenericAll","IsInherited":false,"InheritanceHash":""},{"PrincipalSID":"S-1-5-21-4194615774-2175524697-3563712290-512","PrincipalType":"Group","RightName":"GenericAll","IsInherited":false,"InheritanceHash":""},{"PrincipalSID":"S-1-5-21-4194615774-2175524697-3563712290-512","PrincipalType":"Group","RightName":"WriteAccountRestrictions","IsInherited":false,"InheritanceHash":""},{"PrincipalSID":"S-1-5-21-4194615774-2175524697-3563712290-526","PrincipalType":"Group","RightName":"AddKeyCredentialLink","IsInherited":true,"InheritanceHash":"74ACC9A5F3B209FB46FFCC33F2D9B543775E79E9"},{"PrincipalSID":"S-1-5-21-4194615774-2175524697-3563712290-527","PrincipalType":"Group","RightName":"AddKeyCredentialLink","IsInherited":true,"InheritanceHash":"368D86FDAA14CAD985851E2ED6B5D1D69B426C49"},{"PrincipalSID":"S-1-5-21-4194615774-2175524697-3563712290-519","PrincipalType":"Group","RightName":"GenericAll","IsInherited":true,"InheritanceHash":"7037D6E66EC33AC094334B9EF9EF8DBF84660DFA"},{"PrincipalSID":"BLACKFIELD.LOCAL-S-1-5-32-544","PrincipalType":"Group","RightName":"WriteDacl","IsInherited":true,"InheritanceHash":"62C26D4FB3FF64505B03CDD35D648DFBC6C157CC"},{"PrincipalSID":"BLACKFIELD.LOCAL-S-1-5-32-544","PrincipalType":"Group","RightName":"WriteOwner","IsInherited":true,"InheritanceHash":"62C26D4FB3FF64505B03CDD35D648DFBC6C157CC"},{"PrincipalSID":"BLACKFIELD.LOCAL-S-1-5-32-544","PrincipalType":"Group","RightName":"GenericWrite","IsInherited":true,"InheritanceHash":"62C26D4FB3FF64505B03CDD35D648DFBC6C157CC"}],"ObjectIdentifier":"S-1-5-21-4194615774-2175524697-3563712290-1424","IsDeleted":false,"IsACLProtected":false,"ContainedBy":{"ObjectIdentifier":"543854A8-CB6C-4146-A2DE-3321032BC5C4","ObjectType":"Container"}},{"Properties":{"domain":"BLACKFIELD.LOCAL","name":"PC11.BLACKFIELD.LOCAL","distinguishedname":"CN=PC11,CN=COMPUTERS,DC=BLACKFIELD,DC=LOCAL","domainsid":"S-1-5-21-4194615774-2175524697-3563712290","samaccountname":"PC11$","haslaps":false,"isaclprotected":false,"whencreated":1582907081,"enabled":true,"unconstraineddelegation":false,"trustedtoauth":false,"isdc":false,"encryptedtextpwdallowed":false,"usedeskeyonly":false,"logonscriptenabled":false,"lockedout":false,"passwordexpired":false,"supportedencryptiontypes":null,"lastlogon":0,"lastlogontimestamp":-1,"pwdlastset":1582935881,"serviceprincipalnames":[],"email":null,"useraccountcontrol":4128,"operatingsystem":null,"sidhistory":[]},"PrimaryGroupSID":"S-1-5-21-4194615774-2175524697-3563712290-515","AllowedToDelegate":[],"AllowedToAct":[],"HasSIDHistory":[],"DumpSMSAPassword":[],"Sessions":{"Results":[],"Collected":false,"FailureReason":null},"PrivilegedSessions":{"Results":[],"Collected":false,"FailureReason":null},"RegistrySessions":{"Results":[],"Collected":false,"FailureReason":null},"LocalGroups":[],"UserRights":[],"DCRegistryData":{"CertificateMappingMethods":null,"StrongCertificateBindingEnforcement":null},"Status":{"Connectable":false,"Error":"NotActive"},"IsDC":false,"UnconstrainedDelegation":false,"DomainSID":"S-1-5-21-4194615774-2175524697-3563712290","Aces":[{"PrincipalSID":"S-1-5-21-4194615774-2175524697-3563712290-512","PrincipalType":"Group","RightName":"Owns","IsInherited":false,"InheritanceHash":""},{"PrincipalSID":"BLACKFIELD.LOCAL-S-1-5-32-548","PrincipalType":"Group","RightName":"GenericAll","IsInherited":false,"InheritanceHash":""},{"PrincipalSID":"S-1-5-21-4194615774-2175524697-3563712290-512","PrincipalType":"Group","RightName":"GenericAll","IsInherited":false,"InheritanceHash":""},{"PrincipalSID":"S-1-5-21-4194615774-2175524697-3563712290-512","PrincipalType":"Group","RightName":"WriteAccountRestrictions","IsInherited":false,"InheritanceHash":""},{"PrincipalSID":"S-1-5-21-4194615774-2175524697-3563712290-526","PrincipalType":"Group","RightName":"AddKeyCredentialLink","IsInherited":true,"InheritanceHash":"74ACC9A5F3B209FB46FFCC33F2D9B543775E79E9"},{"PrincipalSID":"S-1-5-21-4194615774-2175524697-3563712290-527","PrincipalType":"Group","RightName":"AddKeyCredentialLink","IsInherited":true,"InheritanceHash":"368D86FDAA14CAD985851E2ED6B5D1D69B426C49"},{"PrincipalSID":"S-1-5-21-4194615774-2175524697-3563712290-519","PrincipalType":"Group","RightName":"GenericAll","IsInherited":true,"InheritanceHash":"7037D6E66EC33AC094334B9EF9EF8DBF84660DFA"},{"PrincipalSID":"BLACKFIELD.LOCAL-S-1-5-32-544","PrincipalType":"Group","RightName":"WriteDacl","IsInherited":true,"InheritanceHash":"62C26D4FB3FF64505B03CDD35D648DFBC6C157CC"},{"PrincipalSID":"BLACKFIELD.LOCAL-S-1-5-32-544","PrincipalType":"Group","RightName":"WriteOwner","IsInherited":true,"InheritanceHash":"62C26D4FB3FF64505B03CDD35D648DFBC6C157CC"},{"PrincipalSID":"BLACKFIELD.LOCAL-S-1-5-32-544","PrincipalType":"Group","RightName":"GenericWrite","IsInherited":true,"InheritanceHash":"62C26D4FB3FF64505B03CDD35D648DFBC6C157CC"}],"ObjectIdentifier":"S-1-5-21-4194615774-2175524697-3563712290-1425","IsDeleted":false,"IsACLProtected":false,"ContainedBy":{"ObjectIdentifier":"543854A8-CB6C-4146-A2DE-3321032BC5C4","ObjectType":"Container"}},{"Properties":{"domain":"BLACKFIELD.LOCAL","name":"PC12.BLACKFIELD.LOCAL","distinguishedname":"CN=PC12,CN=COMPUTERS,DC=BLACKFIELD,DC=LOCAL","domainsid":"S-1-5-21-4194615774-2175524697-3563712290","samaccountname":"PC12$","haslaps":false,"isaclprotected":false,"whencreated":1582907086,"enabled":true,"unconstraineddelegation":false,"trustedtoauth":false,"isdc":false,"encryptedtextpwdallowed":false,"usedeskeyonly":false,"logonscriptenabled":false,"lockedout":false,"passwordexpired":false,"supportedencryptiontypes":null,"lastlogon":0,"lastlogontimestamp":-1,"pwdlastset":1582935886,"serviceprincipalnames":[],"email":null,"useraccountcontrol":4128,"operatingsystem":null,"sidhistory":[]},"PrimaryGroupSID":"S-1-5-21-4194615774-2175524697-3563712290-515","AllowedToDelegate":[],"AllowedToAct":[],"HasSIDHistory":[],"DumpSMSAPassword":[],"Sessions":{"Results":[],"Collected":false,"FailureReason":null},"PrivilegedSessions":{"Results":[],"Collected":false,"FailureReason":null},"RegistrySessions":{"Results":[],"Collected":false,"FailureReason":null},"LocalGroups":[],"UserRights":[],"DCRegistryData":{"CertificateMappingMethods":null,"StrongCertificateBindingEnforcement":null},"Status":{"Connectable":false,"Error":"NotActive"},"IsDC":false,"UnconstrainedDelegation":false,"DomainSID":"S-1-5-21-4194615774-2175524697-3563712290","Aces":[{"PrincipalSID":"S-1-5-21-4194615774-2175524697-3563712290-512","PrincipalType":"Group","RightName":"Owns","IsInherited":false,"InheritanceHash":""},{"PrincipalSID":"BLACKFIELD.LOCAL-S-1-5-32-548","PrincipalType":"Group","RightName":"GenericAll","IsInherited":false,"InheritanceHash":""},{"PrincipalSID":"S-1-5-21-4194615774-2175524697-3563712290-512","PrincipalType":"Group","RightName":"GenericAll","IsInherited":false,"InheritanceHash":""},{"PrincipalSID":"S-1-5-21-4194615774-2175524697-3563712290-512","PrincipalType":"Group","RightName":"WriteAccountRestrictions","IsInherited":false,"InheritanceHash":""},{"PrincipalSID":"S-1-5-21-4194615774-2175524697-3563712290-526","PrincipalType":"Group","RightName":"AddKeyCredentialLink","IsInherited":true,"InheritanceHash":"74ACC9A5F3B209FB46FFCC33F2D9B543775E79E9"},{"PrincipalSID":"S-1-5-21-4194615774-2175524697-3563712290-527","PrincipalType":"Group","RightName":"AddKeyCredentialLink","IsInherited":true,"InheritanceHash":"368D86FDAA14CAD985851E2ED6B5D1D69B426C49"},{"PrincipalSID":"S-1-5-21-4194615774-2175524697-3563712290-519","PrincipalType":"Group","RightName":"GenericAll","IsInherited":true,"InheritanceHash":"7037D6E66EC33AC094334B9EF9EF8DBF84660DFA"},{"PrincipalSID":"BLACKFIELD.LOCAL-S-1-5-32-544","PrincipalType":"Group","RightName":"WriteDacl","IsInherited":true,"InheritanceHash":"62C26D4FB3FF64505B03CDD35D648DFBC6C157CC"},{"PrincipalSID":"BLACKFIELD.LOCAL-S-1-5-32-544","PrincipalType":"Group","RightName":"WriteOwner","IsInherited":true,"InheritanceHash":"62C26D4FB3FF64505B03CDD35D648DFBC6C157CC"},{"PrincipalSID":"BLACKFIELD.LOCAL-S-1-5-32-544","PrincipalType":"Group","RightName":"GenericWrite","IsInherited":true,"InheritanceHash":"62C26D4FB3FF64505B03CDD35D648DFBC6C157CC"}],"ObjectIdentifier":"S-1-5-21-4194615774-2175524697-3563712290-1426","IsDeleted":false,"IsACLProtected":false,"ContainedBy":{"ObjectIdentifier":"543854A8-CB6C-4146-A2DE-3321032BC5C4","ObjectType":"Container"}},{"Properties":{"domain":"BLACKFIELD.LOCAL","name":"PC13.BLACKFIELD.LOCAL","distinguishedname":"CN=PC13,CN=COMPUTERS,DC=BLACKFIELD,DC=LOCAL","domainsid":"S-1-5-21-4194615774-2175524697-3563712290","samaccountname":"PC13$","haslaps":false,"isaclprotected":false,"whencreated":1582907092,"enabled":true,"unconstraineddelegation":false,"trustedtoauth":false,"isdc":false,"encryptedtextpwdallowed":false,"usedeskeyonly":false,"logonscriptenabled":false,"lockedout":false,"passwordexpired":false,"supportedencryptiontypes":null,"lastlogon":0,"lastlogontimestamp":-1,"pwdlastset":1582935892,"serviceprincipalnames":[],"email":null,"useraccountcontrol":4128,"operatingsystem":null,"sidhistory":[]},"PrimaryGroupSID":"S-1-5-21-4194615774-2175524697-3563712290-515","AllowedToDelegate":[],"AllowedToAct":[],"HasSIDHistory":[],"DumpSMSAPassword":[],"Sessions":{"Results":[],"Collected":false,"FailureReason":null},"PrivilegedSessions":{"Results":[],"Collected":false,"FailureReason":null},"RegistrySessions":{"Results":[],"Collected":false,"FailureReason":null},"LocalGroups":[],"UserRights":[],"DCRegistryData":{"CertificateMappingMethods":null,"StrongCertificateBindingEnforcement":null},"Status":{"Connectable":false,"Error":"NotActive"},"IsDC":false,"UnconstrainedDelegation":false,"DomainSID":"S-1-5-21-4194615774-2175524697-3563712290","Aces":[{"PrincipalSID":"S-1-5-21-4194615774-2175524697-3563712290-512","PrincipalType":"Group","RightName":"Owns","IsInherited":false,"InheritanceHash":""},{"PrincipalSID":"BLACKFIELD.LOCAL-S-1-5-32-548","PrincipalType":"Group","RightName":"GenericAll","IsInherited":false,"InheritanceHash":""},{"PrincipalSID":"S-1-5-21-4194615774-2175524697-3563712290-512","PrincipalType":"Group","RightName":"GenericAll","IsInherited":false,"InheritanceHash":""},{"PrincipalSID":"S-1-5-21-4194615774-2175524697-3563712290-512","PrincipalType":"Group","RightName":"WriteAccountRestrictions","IsInherited":false,"InheritanceHash":""},{"PrincipalSID":"S-1-5-21-4194615774-2175524697-3563712290-526","PrincipalType":"Group","RightName":"AddKeyCredentialLink","IsInherited":true,"InheritanceHash":"74ACC9A5F3B209FB46FFCC33F2D9B543775E79E9"},{"PrincipalSID":"S-1-5-21-4194615774-2175524697-3563712290-527","PrincipalType":"Group","RightName":"AddKeyCredentialLink","IsInherited":true,"InheritanceHash":"368D86FDAA14CAD985851E2ED6B5D1D69B426C49"},{"PrincipalSID":"S-1-5-21-4194615774-2175524697-3563712290-519","PrincipalType":"Group","RightName":"GenericAll","IsInherited":true,"InheritanceHash":"7037D6E66EC33AC094334B9EF9EF8DBF84660DFA"},{"PrincipalSID":"BLACKFIELD.LOCAL-S-1-5-32-544","PrincipalType":"Group","RightName":"WriteDacl","IsInherited":true,"InheritanceHash":"62C26D4FB3FF64505B03CDD35D648DFBC6C157CC"},{"PrincipalSID":"BLACKFIELD.LOCAL-S-1-5-32-544","PrincipalType":"Group","RightName":"WriteOwner","IsInherited":true,"InheritanceHash":"62C26D4FB3FF64505B03CDD35D648DFBC6C157CC"},{"PrincipalSID":"BLACKFIELD.LOCAL-S-1-5-32-544","PrincipalType":"Group","RightName":"GenericWrite","IsInherited":true,"InheritanceHash":"62C26D4FB3FF64505B03CDD35D648DFBC6C157CC"}],"ObjectIdentifier":"S-1-5-21-4194615774-2175524697-3563712290-1427","IsDeleted":false,"IsACLProtected":false,"ContainedBy":{"ObjectIdentifier":"543854A8-CB6C-4146-A2DE-3321032BC5C4","ObjectType":"Container"}},{"Properties":{"domain":"BLACKFIELD.LOCAL","name":"SRV-WEB.BLACKFIELD.LOCAL","distinguishedname":"CN=SRV-WEB,CN=COMPUTERS,DC=BLACKFIELD,DC=LOCAL","domainsid":"S-1-5-21-4194615774-2175524697-3563712290","samaccountname":"SRV-WEB$","haslaps":false,"isaclprotected":false,"whencreated":1582907102,"enabled":true,"unconstraineddelegation":false,"trustedtoauth":false,"isdc":false,"encryptedtextpwdallowed":false,"usedeskeyonly":false,"logonscriptenabled":false,"lockedout":false,"passwordexpired":false,"supportedencryptiontypes":null,"lastlogon":0,"lastlogontimestamp":-1,"pwdlastset":1582935902,"serviceprincipalnames":[],"email":null,"useraccountcontrol":4128,"operatingsystem":null,"sidhistory":[]},"PrimaryGroupSID":"S-1-5-21-4194615774-2175524697-3563712290-515","AllowedToDelegate":[],"AllowedToAct":[],"HasSIDHistory":[],"DumpSMSAPassword":[],"Sessions":{"Results":[],"Collected":false,"FailureReason":null},"PrivilegedSessions":{"Results":[],"Collected":false,"FailureReason":null},"RegistrySessions":{"Results":[],"Collected":false,"FailureReason":null},"LocalGroups":[],"UserRights":[],"DCRegistryData":{"CertificateMappingMethods":null,"StrongCertificateBindingEnforcement":null},"Status":{"Connectable":false,"Error":"NotActive"},"IsDC":false,"UnconstrainedDelegation":false,"DomainSID":"S-1-5-21-4194615774-2175524697-3563712290","Aces":[{"PrincipalSID":"S-1-5-21-4194615774-2175524697-3563712290-512","PrincipalType":"Group","RightName":"Owns","IsInherited":false,"InheritanceHash":""},{"PrincipalSID":"BLACKFIELD.LOCAL-S-1-5-32-548","PrincipalType":"Group","RightName":"GenericAll","IsInherited":false,"InheritanceHash":""},{"PrincipalSID":"S-1-5-21-4194615774-2175524697-3563712290-512","PrincipalType":"Group","RightName":"GenericAll","IsInherited":false,"InheritanceHash":""},{"PrincipalSID":"S-1-5-21-4194615774-2175524697-3563712290-512","PrincipalType":"Group","RightName":"WriteAccountRestrictions","IsInherited":false,"InheritanceHash":""},{"PrincipalSID":"S-1-5-21-4194615774-2175524697-3563712290-526","PrincipalType":"Group","RightName":"AddKeyCredentialLink","IsInherited":true,"InheritanceHash":"74ACC9A5F3B209FB46FFCC33F2D9B543775E79E9"},{"PrincipalSID":"S-1-5-21-4194615774-2175524697-3563712290-527","PrincipalType":"Group","RightName":"AddKeyCredentialLink","IsInherited":true,"InheritanceHash":"368D86FDAA14CAD985851E2ED6B5D1D69B426C49"},{"PrincipalSID":"S-1-5-21-4194615774-2175524697-3563712290-519","PrincipalType":"Group","RightName":"GenericAll","IsInherited":true,"InheritanceHash":"7037D6E66EC33AC094334B9EF9EF8DBF84660DFA"},{"PrincipalSID":"BLACKFIELD.LOCAL-S-1-5-32-544","PrincipalType":"Group","RightName":"WriteDacl","IsInherited":true,"InheritanceHash":"62C26D4FB3FF64505B03CDD35D648DFBC6C157CC"},{"PrincipalSID":"BLACKFIELD.LOCAL-S-1-5-32-544","PrincipalType":"Group","RightName":"WriteOwner","IsInherited":true,"InheritanceHash":"62C26D4FB3FF64505B03CDD35D648DFBC6C157CC"},{"PrincipalSID":"BLACKFIELD.LOCAL-S-1-5-32-544","PrincipalType":"Group","RightName":"GenericWrite","IsInherited":true,"InheritanceHash":"62C26D4FB3FF64505B03CDD35D648DFBC6C157CC"}],"ObjectIdentifier":"S-1-5-21-4194615774-2175524697-3563712290-1428","IsDeleted":false,"IsACLProtected":false,"ContainedBy":{"ObjectIdentifier":"543854A8-CB6C-4146-A2DE-3321032BC5C4","ObjectType":"Container"}},{"Properties":{"domain":"BLACKFIELD.LOCAL","name":"SRV-FILE.BLACKFIELD.LOCAL","distinguishedname":"CN=SRV-FILE,CN=COMPUTERS,DC=BLACKFIELD,DC=LOCAL","domainsid":"S-1-5-21-4194615774-2175524697-3563712290","samaccountname":"SRV-FILE$","haslaps":false,"isaclprotected":false,"whencreated":1582907110,"enabled":true,"unconstraineddelegation":false,"trustedtoauth":false,"isdc":false,"encryptedtextpwdallowed":false,"usedeskeyonly":false,"logonscriptenabled":false,"lockedout":false,"passwordexpired":false,"supportedencryptiontypes":null,"lastlogon":0,"lastlogontimestamp":-1,"pwdlastset":1582935910,"serviceprincipalnames":[],"email":null,"useraccountcontrol":4128,"operatingsystem":null,"sidhistory":[]},"PrimaryGroupSID":"S-1-5-21-4194615774-2175524697-3563712290-515","AllowedToDelegate":[],"AllowedToAct":[],"HasSIDHistory":[],"DumpSMSAPassword":[],"Sessions":{"Results":[],"Collected":false,"FailureReason":null},"PrivilegedSessions":{"Results":[],"Collected":false,"FailureReason":null},"RegistrySessions":{"Results":[],"Collected":false,"FailureReason":null},"LocalGroups":[],"UserRights":[],"DCRegistryData":{"CertificateMappingMethods":null,"StrongCertificateBindingEnforcement":null},"Status":{"Connectable":false,"Error":"NotActive"},"IsDC":false,"UnconstrainedDelegation":false,"DomainSID":"S-1-5-21-4194615774-2175524697-3563712290","Aces":[{"PrincipalSID":"S-1-5-21-4194615774-2175524697-3563712290-512","PrincipalType":"Group","RightName":"Owns","IsInherited":false,"InheritanceHash":""},{"PrincipalSID":"BLACKFIELD.LOCAL-S-1-5-32-548","PrincipalType":"Group","RightName":"GenericAll","IsInherited":false,"InheritanceHash":""},{"PrincipalSID":"S-1-5-21-4194615774-2175524697-3563712290-512","PrincipalType":"Group","RightName":"GenericAll","IsInherited":false,"InheritanceHash":""},{"PrincipalSID":"S-1-5-21-4194615774-2175524697-3563712290-512","PrincipalType":"Group","RightName":"WriteAccountRestrictions","IsInherited":false,"InheritanceHash":""},{"PrincipalSID":"S-1-5-21-4194615774-2175524697-3563712290-526","PrincipalType":"Group","RightName":"AddKeyCredentialLink","IsInherited":true,"InheritanceHash":"74ACC9A5F3B209FB46FFCC33F2D9B543775E79E9"},{"PrincipalSID":"S-1-5-21-4194615774-2175524697-3563712290-527","PrincipalType":"Group","RightName":"AddKeyCredentialLink","IsInherited":true,"InheritanceHash":"368D86FDAA14CAD985851E2ED6B5D1D69B426C49"},{"PrincipalSID":"S-1-5-21-4194615774-2175524697-3563712290-519","PrincipalType":"Group","RightName":"GenericAll","IsInherited":true,"InheritanceHash":"7037D6E66EC33AC094334B9EF9EF8DBF84660DFA"},{"PrincipalSID":"BLACKFIELD.LOCAL-S-1-5-32-544","PrincipalType":"Group","RightName":"WriteDacl","IsInherited":true,"InheritanceHash":"62C26D4FB3FF64505B03CDD35D648DFBC6C157CC"},{"PrincipalSID":"BLACKFIELD.LOCAL-S-1-5-32-544","PrincipalType":"Group","RightName":"WriteOwner","IsInherited":true,"InheritanceHash":"62C26D4FB3FF64505B03CDD35D648DFBC6C157CC"},{"PrincipalSID":"BLACKFIELD.LOCAL-S-1-5-32-544","PrincipalType":"Group","RightName":"GenericWrite","IsInherited":true,"InheritanceHash":"62C26D4FB3FF64505B03CDD35D648DFBC6C157CC"}],"ObjectIdentifier":"S-1-5-21-4194615774-2175524697-3563712290-1429","IsDeleted":false,"IsACLProtected":false,"ContainedBy":{"ObjectIdentifier":"543854A8-CB6C-4146-A2DE-3321032BC5C4","ObjectType":"Container"}},{"Properties":{"domain":"BLACKFIELD.LOCAL","name":"SRV-EXCHANGE.BLACKFIELD.LOCAL","distinguishedname":"CN=SRV-EXCHANGE,CN=COMPUTERS,DC=BLACKFIELD,DC=LOCAL","domainsid":"S-1-5-21-4194615774-2175524697-3563712290","samaccountname":"SRV-EXCHANGE$","haslaps":false,"isaclprotected":false,"whencreated":1582907120,"enabled":true,"unconstraineddelegation":false,"trustedtoauth":false,"isdc":false,"encryptedtextpwdallowed":false,"usedeskeyonly":false,"logonscriptenabled":false,"lockedout":false,"passwordexpired":false,"supportedencryptiontypes":null,"lastlogon":0,"lastlogontimestamp":-1,"pwdlastset":1582935920,"serviceprincipalnames":[],"email":null,"useraccountcontrol":4128,"operatingsystem":null,"sidhistory":[]},"PrimaryGroupSID":"S-1-5-21-4194615774-2175524697-3563712290-515","AllowedToDelegate":[],"AllowedToAct":[],"HasSIDHistory":[],"DumpSMSAPassword":[],"Sessions":{"Results":[],"Collected":false,"FailureReason":null},"PrivilegedSessions":{"Results":[],"Collected":false,"FailureReason":null},"RegistrySessions":{"Results":[],"Collected":false,"FailureReason":null},"LocalGroups":[],"UserRights":[],"DCRegistryData":{"CertificateMappingMethods":null,"StrongCertificateBindingEnforcement":null},"Status":{"Connectable":false,"Error":"NotActive"},"IsDC":false,"UnconstrainedDelegation":false,"DomainSID":"S-1-5-21-4194615774-2175524697-3563712290","Aces":[{"PrincipalSID":"S-1-5-21-4194615774-2175524697-3563712290-512","PrincipalType":"Group","RightName":"Owns","IsInherited":false,"InheritanceHash":""},{"PrincipalSID":"BLACKFIELD.LOCAL-S-1-5-32-548","PrincipalType":"Group","RightName":"GenericAll","IsInherited":false,"InheritanceHash":""},{"PrincipalSID":"S-1-5-21-4194615774-2175524697-3563712290-512","PrincipalType":"Group","RightName":"GenericAll","IsInherited":false,"InheritanceHash":""},{"PrincipalSID":"S-1-5-21-4194615774-2175524697-3563712290-512","PrincipalType":"Group","RightName":"WriteAccountRestrictions","IsInherited":false,"InheritanceHash":""},{"PrincipalSID":"S-1-5-21-4194615774-2175524697-3563712290-526","PrincipalType":"Group","RightName":"AddKeyCredentialLink","IsInherited":true,"InheritanceHash":"74ACC9A5F3B209FB46FFCC33F2D9B543775E79E9"},{"PrincipalSID":"S-1-5-21-4194615774-2175524697-3563712290-527","PrincipalType":"Group","RightName":"AddKeyCredentialLink","IsInherited":true,"InheritanceHash":"368D86FDAA14CAD985851E2ED6B5D1D69B426C49"},{"PrincipalSID":"S-1-5-21-4194615774-2175524697-3563712290-519","PrincipalType":"Group","RightName":"GenericAll","IsInherited":true,"InheritanceHash":"7037D6E66EC33AC094334B9EF9EF8DBF84660DFA"},{"PrincipalSID":"BLACKFIELD.LOCAL-S-1-5-32-544","PrincipalType":"Group","RightName":"WriteDacl","IsInherited":true,"InheritanceHash":"62C26D4FB3FF64505B03CDD35D648DFBC6C157CC"},{"PrincipalSID":"BLACKFIELD.LOCAL-S-1-5-32-544","PrincipalType":"Group","RightName":"WriteOwner","IsInherited":true,"InheritanceHash":"62C26D4FB3FF64505B03CDD35D648DFBC6C157CC"},{"PrincipalSID":"BLACKFIELD.LOCAL-S-1-5-32-544","PrincipalType":"Group","RightName":"GenericWrite","IsInherited":true,"InheritanceHash":"62C26D4FB3FF64505B03CDD35D648DFBC6C157CC"}],"ObjectIdentifier":"S-1-5-21-4194615774-2175524697-3563712290-1430","IsDeleted":false,"IsACLProtected":false,"ContainedBy":{"ObjectIdentifier":"543854A8-CB6C-4146-A2DE-3321032BC5C4","ObjectType":"Container"}},{"Properties":{"domain":"BLACKFIELD.LOCAL","name":"SRV-INTRANET.BLACKFIELD.LOCAL","distinguishedname":"CN=SRV-INTRANET,CN=COMPUTERS,DC=BLACKFIELD,DC=LOCAL","domainsid":"S-1-5-21-4194615774-2175524697-3563712290","samaccountname":"SRV-INTRANET$","haslaps":false,"isaclprotected":false,"whencreated":1582907133,"enabled":true,"unconstraineddelegation":false,"trustedtoauth":false,"isdc":false,"encryptedtextpwdallowed":false,"usedeskeyonly":false,"logonscriptenabled":false,"lockedout":false,"passwordexpired":false,"supportedencryptiontypes":null,"lastlogon":0,"lastlogontimestamp":-1,"pwdlastset":1582935933,"serviceprincipalnames":[],"email":null,"useraccountcontrol":4128,"operatingsystem":null,"sidhistory":[]},"PrimaryGroupSID":"S-1-5-21-4194615774-2175524697-3563712290-515","AllowedToDelegate":[],"AllowedToAct":[],"HasSIDHistory":[],"DumpSMSAPassword":[],"Sessions":{"Results":[],"Collected":false,"FailureReason":null},"PrivilegedSessions":{"Results":[],"Collected":false,"FailureReason":null},"RegistrySessions":{"Results":[],"Collected":false,"FailureReason":null},"LocalGroups":[],"UserRights":[],"DCRegistryData":{"CertificateMappingMethods":null,"StrongCertificateBindingEnforcement":null},"Status":{"Connectable":false,"Error":"NotActive"},"IsDC":false,"UnconstrainedDelegation":false,"DomainSID":"S-1-5-21-4194615774-2175524697-3563712290","Aces":[{"PrincipalSID":"S-1-5-21-4194615774-2175524697-3563712290-512","PrincipalType":"Group","RightName":"Owns","IsInherited":false,"InheritanceHash":""},{"PrincipalSID":"BLACKFIELD.LOCAL-S-1-5-32-548","PrincipalType":"Group","RightName":"GenericAll","IsInherited":false,"InheritanceHash":""},{"PrincipalSID":"S-1-5-21-4194615774-2175524697-3563712290-512","PrincipalType":"Group","RightName":"GenericAll","IsInherited":false,"InheritanceHash":""},{"PrincipalSID":"S-1-5-21-4194615774-2175524697-3563712290-512","PrincipalType":"Group","RightName":"WriteAccountRestrictions","IsInherited":false,"InheritanceHash":""},{"PrincipalSID":"S-1-5-21-4194615774-2175524697-3563712290-526","PrincipalType":"Group","RightName":"AddKeyCredentialLink","IsInherited":true,"InheritanceHash":"74ACC9A5F3B209FB46FFCC33F2D9B543775E79E9"},{"PrincipalSID":"S-1-5-21-4194615774-2175524697-3563712290-527","PrincipalType":"Group","RightName":"AddKeyCredentialLink","IsInherited":true,"InheritanceHash":"368D86FDAA14CAD985851E2ED6B5D1D69B426C49"},{"PrincipalSID":"S-1-5-21-4194615774-2175524697-3563712290-519","PrincipalType":"Group","RightName":"GenericAll","IsInherited":true,"InheritanceHash":"7037D6E66EC33AC094334B9EF9EF8DBF84660DFA"},{"PrincipalSID":"BLACKFIELD.LOCAL-S-1-5-32-544","PrincipalType":"Group","RightName":"WriteDacl","IsInherited":true,"InheritanceHash":"62C26D4FB3FF64505B03CDD35D648DFBC6C157CC"},{"PrincipalSID":"BLACKFIELD.LOCAL-S-1-5-32-544","PrincipalType":"Group","RightName":"WriteOwner","IsInherited":true,"InheritanceHash":"62C26D4FB3FF64505B03CDD35D648DFBC6C157CC"},{"PrincipalSID":"BLACKFIELD.LOCAL-S-1-5-32-544","PrincipalType":"Group","RightName":"GenericWrite","IsInherited":true,"InheritanceHash":"62C26D4FB3FF64505B03CDD35D648DFBC6C157CC"}],"ObjectIdentifier":"S-1-5-21-4194615774-2175524697-3563712290-1431","IsDeleted":false,"IsACLProtected":false,"ContainedBy":{"ObjectIdentifier":"543854A8-CB6C-4146-A2DE-3321032BC5C4","ObjectType":"Container"}},{"Properties":{"domain":"BLACKFIELD.LOCAL","name":"DC01.BLACKFIELD.LOCAL","distinguishedname":"CN=DC01,OU=DOMAIN CONTROLLERS,DC=BLACKFIELD,DC=LOCAL","domainsid":"S-1-5-21-4194615774-2175524697-3563712290","samaccountname":"DC01$","haslaps":false,"isaclprotected":false,"whencreated":1582427640,"enabled":true,"unconstraineddelegation":true,"trustedtoauth":false,"isdc":true,"encryptedtextpwdallowed":false,"usedeskeyonly":false,"logonscriptenabled":false,"lockedout":false,"passwordexpired":false,"supportedencryptiontypes":["RC4-HMAC-MD5","AES128-CTS-HMAC-SHA1-96","AES256-CTS-HMAC-SHA1-96"],"lastlogon":1737931716,"lastlogontimestamp":1737845344,"pwdlastset":1737845333,"serviceprincipalnames":["Dfsr-12F9A27C-BF97-4787-9364-D31B6C55EB04/DC01.BLACKFIELD.local","ldap/DC01.BLACKFIELD.local/ForestDnsZones.BLACKFIELD.local","ldap/DC01.BLACKFIELD.local/DomainDnsZones.BLACKFIELD.local","TERMSRV/DC01","TERMSRV/DC01.BLACKFIELD.local","DNS/DC01.BLACKFIELD.local","GC/DC01.BLACKFIELD.local/BLACKFIELD.local","RestrictedKrbHost/DC01.BLACKFIELD.local","RestrictedKrbHost/DC01","RPC/2a754031-e5c5-4e88-bb09-09aae693753c._msdcs.BLACKFIELD.local","HOST/DC01/BLACKFIELD","HOST/DC01.BLACKFIELD.local/BLACKFIELD","HOST/DC01","HOST/DC01.BLACKFIELD.local","HOST/DC01.BLACKFIELD.local/BLACKFIELD.local","E3514235-4B06-11D1-AB04-00C04FC2DCD2/2a754031-e5c5-4e88-bb09-09aae693753c/BLACKFIELD.local","ldap/DC01/BLACKFIELD","ldap/2a754031-e5c5-4e88-bb09-09aae693753c._msdcs.BLACKFIELD.local","ldap/DC01.BLACKFIELD.local/BLACKFIELD","ldap/DC01","ldap/DC01.BLACKFIELD.local","ldap/DC01.BLACKFIELD.local/BLACKFIELD.local"],"email":null,"useraccountcontrol":532480,"operatingsystem":"Windows Server 2019 Standard","sidhistory":[]},"PrimaryGroupSID":"S-1-5-21-4194615774-2175524697-3563712290-516","AllowedToDelegate":[],"AllowedToAct":[],"HasSIDHistory":[],"DumpSMSAPassword":[],"Sessions":{"Results":[],"Collected":false,"FailureReason":"ErrorAccessDenied"},"PrivilegedSessions":{"Results":[],"Collected":false,"FailureReason":"ErrorAccessDenied"},"RegistrySessions":{"Results":[{"UserSID":"S-1-5-21-4194615774-2175524697-3563712290-1413","ComputerSID":"S-1-5-21-4194615774-2175524697-3563712290-1000"},{"UserSID":"S-1-5-21-4194615774-2175524697-3563712290-500","ComputerSID":"S-1-5-21-4194615774-2175524697-3563712290-1000"}],"Collected":true,"FailureReason":null},"LocalGroups":[{"ObjectIdentifier":"BLACKFIELD.LOCAL-S-1-5-32-549","Name":"IGNOREME","Results":[],"LocalNames":[],"Collected":true,"FailureReason":null},{"ObjectIdentifier":"BLACKFIELD.LOCAL-S-1-5-32-548","Name":"IGNOREME","Results":[],"LocalNames":[],"Collected":true,"FailureReason":null},{"ObjectIdentifier":"BLACKFIELD.LOCAL-S-1-5-32-554","Name":"IGNOREME","Results":[{"ObjectIdentifier":"BLACKFIELD.LOCAL-S-1-5-11","ObjectType":"Group"}],"LocalNames":[],"Collected":true,"FailureReason":null},{"ObjectIdentifier":"BLACKFIELD.LOCAL-S-1-5-32-557","Name":"IGNOREME","Results":[],"LocalNames":[],"Collected":true,"FailureReason":null},{"ObjectIdentifier":"BLACKFIELD.LOCAL-S-1-5-32-560","Name":"IGNOREME","Results":[{"ObjectIdentifier":"BLACKFIELD.LOCAL-S-1-5-9","ObjectType":"Group"}],"LocalNames":[],"Collected":true,"FailureReason":null},{"ObjectIdentifier":"BLACKFIELD.LOCAL-S-1-5-32-561","Name":"IGNOREME","Results":[],"LocalNames":[],"Collected":true,"FailureReason":null},{"ObjectIdentifier":"BLACKFIELD.LOCAL-S-1-5-32-544","Name":"IGNOREME","Results":[{"ObjectIdentifier":"S-1-5-21-4194615774-2175524697-3563712290-500","ObjectType":"User"},{"ObjectIdentifier":"S-1-5-21-4194615774-2175524697-3563712290-519","ObjectType":"Group"},{"ObjectIdentifier":"S-1-5-21-4194615774-2175524697-3563712290-512","ObjectType":"Group"}],"LocalNames":[],"Collected":true,"FailureReason":null},{"ObjectIdentifier":"BLACKFIELD.LOCAL-S-1-5-32-545","Name":"IGNOREME","Results":[{"ObjectIdentifier":"BLACKFIELD.LOCAL-S-1-5-11","ObjectType":"Group"},{"ObjectIdentifier":"S-1-5-21-4194615774-2175524697-3563712290-513","ObjectType":"Group"}],"LocalNames":[],"Collected":true,"FailureReason":null},{"ObjectIdentifier":"BLACKFIELD.LOCAL-S-1-5-32-546","Name":"IGNOREME","Results":[{"ObjectIdentifier":"S-1-5-21-4194615774-2175524697-3563712290-501","ObjectType":"User"},{"ObjectIdentifier":"S-1-5-21-4194615774-2175524697-3563712290-514","ObjectType":"Group"}],"LocalNames":[],"Collected":true,"FailureReason":null},{"ObjectIdentifier":"BLACKFIELD.LOCAL-S-1-5-32-550","Name":"IGNOREME","Results":[],"LocalNames":[],"Collected":true,"FailureReason":null},{"ObjectIdentifier":"BLACKFIELD.LOCAL-S-1-5-32-551","Name":"IGNOREME","Results":[{"ObjectIdentifier":"S-1-5-21-4194615774-2175524697-3563712290-1413","ObjectType":"User"}],"LocalNames":[],"Collected":true,"FailureReason":null},{"ObjectIdentifier":"BLACKFIELD.LOCAL-S-1-5-32-552","Name":"IGNOREME","Results":[],"LocalNames":[],"Collected":true,"FailureReason":null},{"ObjectIdentifier":"BLACKFIELD.LOCAL-S-1-5-32-555","Name":"IGNOREME","Results":[],"LocalNames":[],"Collected":true,"FailureReason":null},{"ObjectIdentifier":"BLACKFIELD.LOCAL-S-1-5-32-556","Name":"IGNOREME","Results":[],"LocalNames":[],"Collected":true,"FailureReason":null},{"ObjectIdentifier":"BLACKFIELD.LOCAL-S-1-5-32-558","Name":"IGNOREME","Results":[],"LocalNames":[],"Collected":true,"FailureReason":null},{"ObjectIdentifier":"BLACKFIELD.LOCAL-S-1-5-32-559","Name":"IGNOREME","Results":[],"LocalNames":[],"Collected":true,"FailureReason":null},{"ObjectIdentifier":"BLACKFIELD.LOCAL-S-1-5-32-562","Name":"IGNOREME","Results":[],"LocalNames":[],"Collected":true,"FailureReason":null},{"ObjectIdentifier":"BLACKFIELD.LOCAL-S-1-5-32-568","Name":"IGNOREME","Results":[{"ObjectIdentifier":"BLACKFIELD.LOCAL-S-1-5-17","ObjectType":"User"}],"LocalNames":[],"Collected":true,"FailureReason":null},{"ObjectIdentifier":"BLACKFIELD.LOCAL-S-1-5-32-569","Name":"IGNOREME","Results":[],"LocalNames":[],"Collected":true,"FailureReason":null},{"ObjectIdentifier":"BLACKFIELD.LOCAL-S-1-5-32-573","Name":"IGNOREME","Results":[],"LocalNames":[],"Collected":true,"FailureReason":null},{"ObjectIdentifier":"BLACKFIELD.LOCAL-S-1-5-32-574","Name":"IGNOREME","Results":[],"LocalNames":[],"Collected":true,"FailureReason":null},{"ObjectIdentifier":"BLACKFIELD.LOCAL-S-1-5-32-575","Name":"IGNOREME","Results":[],"LocalNames":[],"Collected":true,"FailureReason":null},{"ObjectIdentifier":"BLACKFIELD.LOCAL-S-1-5-32-576","Name":"IGNOREME","Results":[],"LocalNames":[],"Collected":true,"FailureReason":null},{"ObjectIdentifier":"BLACKFIELD.LOCAL-S-1-5-32-577","Name":"IGNOREME","Results":[],"LocalNames":[],"Collected":true,"FailureReason":null},{"ObjectIdentifier":"BLACKFIELD.LOCAL-S-1-5-32-578","Name":"IGNOREME","Results":[],"LocalNames":[],"Collected":true,"FailureReason":null},{"ObjectIdentifier":"BLACKFIELD.LOCAL-S-1-5-32-579","Name":"IGNOREME","Results":[],"LocalNames":[],"Collected":true,"FailureReason":null},{"ObjectIdentifier":"BLACKFIELD.LOCAL-S-1-5-32-580","Name":"IGNOREME","Results":[{"ObjectIdentifier":"S-1-5-21-4194615774-2175524697-3563712290-1413","ObjectType":"User"}],"LocalNames":[],"Collected":true,"FailureReason":null},{"ObjectIdentifier":"BLACKFIELD.LOCAL-S-1-5-32-582","Name":"IGNOREME","Results":[],"LocalNames":[],"Collected":true,"FailureReason":null}],"UserRights":[{"Privilege":"SeRemoteInteractiveLogonRight","Results":[],"LocalNames":[],"Collected":false,"FailureReason":"LSAEnumerateAccountsWithUserRights returned StatusAccessDenied"}],"DCRegistryData":{"CertificateMappingMethods":{"Value":-1,"Collected":true,"FailureReason":null},"StrongCertificateBindingEnforcement":{"Value":-1,"Collected":true,"FailureReason":null}},"Status":null,"IsDC":true,"UnconstrainedDelegation":true,"DomainSID":"S-1-5-21-4194615774-2175524697-3563712290","Aces":[{"PrincipalSID":"S-1-5-21-4194615774-2175524697-3563712290-512","PrincipalType":"Group","RightName":"Owns","IsInherited":false,"InheritanceHash":""},{"PrincipalSID":"S-1-5-21-4194615774-2175524697-3563712290-512","PrincipalType":"Group","RightName":"GenericAll","IsInherited":false,"InheritanceHash":""},{"PrincipalSID":"S-1-5-21-4194615774-2175524697-3563712290-512","PrincipalType":"Group","RightName":"WriteAccountRestrictions","IsInherited":false,"InheritanceHash":""},{"PrincipalSID":"S-1-5-21-4194615774-2175524697-3563712290-526","PrincipalType":"Group","RightName":"AddKeyCredentialLink","IsInherited":true,"InheritanceHash":"74ACC9A5F3B209FB46FFCC33F2D9B543775E79E9"},{"PrincipalSID":"S-1-5-21-4194615774-2175524697-3563712290-527","PrincipalType":"Group","RightName":"AddKeyCredentialLink","IsInherited":true,"InheritanceHash":"368D86FDAA14CAD985851E2ED6B5D1D69B426C49"},{"PrincipalSID":"S-1-5-21-4194615774-2175524697-3563712290-519","PrincipalType":"Group","RightName":"GenericAll","IsInherited":true,"InheritanceHash":"7037D6E66EC33AC094334B9EF9EF8DBF84660DFA"},{"PrincipalSID":"BLACKFIELD.LOCAL-S-1-5-32-544","PrincipalType":"Group","RightName":"WriteDacl","IsInherited":true,"InheritanceHash":"62C26D4FB3FF64505B03CDD35D648DFBC6C157CC"},{"PrincipalSID":"BLACKFIELD.LOCAL-S-1-5-32-544","PrincipalType":"Group","RightName":"WriteOwner","IsInherited":true,"InheritanceHash":"62C26D4FB3FF64505B03CDD35D648DFBC6C157CC"},{"PrincipalSID":"BLACKFIELD.LOCAL-S-1-5-32-544","PrincipalType":"Group","RightName":"GenericWrite","IsInherited":true,"InheritanceHash":"62C26D4FB3FF64505B03CDD35D648DFBC6C157CC"}],"ObjectIdentifier":"S-1-5-21-4194615774-2175524697-3563712290-1000","IsDeleted":false,"IsACLProtected":false,"ContainedBy":{"ObjectIdentifier":"0339C869-D22E-445F-AC1B-0E773AEB5233","ObjectType":"OU"}}],"meta":{"methods":521215,"type":"computers","count":18,"version":6,"collectorversion":"2.5.13.0"}}