{"data":[{"GPOChanges":{"LocalAdmins":[],"RemoteDesktopUsers":[],"DcomUsers":[],"PSRemoteUsers":[],"AffectedComputers":[{"ObjectIdentifier":"S-1-5-21-4194615774-2175524697-3563712290-1000","ObjectType":"Computer"}]},"Properties":{"domain":"BLACKFIELD.LOCAL","name":"DOMAIN CONTROLLERS@BLACKFIELD.LOCAL","distinguishedname":"OU=DOMAIN CONTROLLERS,DC=BLACKFIELD,DC=LOCAL","domainsid":"S-1-5-21-4194615774-2175524697-3563712290","isaclprotected":false,"description":"Default container for domain controllers","whencreated":1582427593,"blocksinheritance":false},"Links":[{"IsEnforced":false,"GUID":"E0A58FA9-4129-4D0D-9DFC-FCC18F5AC9C6"}],"ChildObjects":[],"InheritanceHashes":[],"Aces":[{"PrincipalSID":"S-1-5-21-4194615774-2175524697-3563712290-512","PrincipalType":"Group","RightName":"Owns","IsInherited":false,"InheritanceHash":""},{"PrincipalSID":"S-1-5-21-4194615774-2175524697-3563712290-512","PrincipalType":"Group","RightName":"WriteDacl","IsInherited":false,"InheritanceHash":""},{"PrincipalSID":"S-1-5-21-4194615774-2175524697-3563712290-512","PrincipalType":"Group","RightName":"WriteOwner","IsInherited":false,"InheritanceHash":""},{"PrincipalSID":"S-1-5-21-4194615774-2175524697-3563712290-512","PrincipalType":"Group","RightName":"GenericWrite","IsInherited":false,"InheritanceHash":""},{"PrincipalSID":"S-1-5-21-4194615774-2175524697-3563712290-519","PrincipalType":"Group","RightName":"GenericAll","IsInherited":true,"InheritanceHash":"7037D6E66EC33AC094334B9EF9EF8DBF84660DFA"},{"PrincipalSID":"BLACKFIELD.LOCAL-S-1-5-32-544","PrincipalType":"Group","RightName":"WriteDacl","IsInherited":true,"InheritanceHash":"62C26D4FB3FF64505B03CDD35D648DFBC6C157CC"},{"PrincipalSID":"BLACKFIELD.LOCAL-S-1-5-32-544","PrincipalType":"Group","RightName":"WriteOwner","IsInherited":true,"InheritanceHash":"62C26D4FB3FF64505B03CDD35D648DFBC6C157CC"},{"PrincipalSID":"BLACKFIELD.LOCAL-S-1-5-32-544","PrincipalType":"Group","RightName":"GenericWrite","IsInherited":true,"InheritanceHash":"62C26D4FB3FF64505B03CDD35D648DFBC6C157CC"}],"ObjectIdentifier":"0339C869-D22E-445F-AC1B-0E773AEB5233","IsDeleted":false,"IsACLProtected":false,"ContainedBy":{"ObjectIdentifier":"S-1-5-21-4194615774-2175524697-3563712290","ObjectType":"Domain"}}],"meta":{"methods":521215,"type":"ous","count":1,"version":6,"collectorversion":"2.5.13.0"}}